time_s,speed_mps,diverter_position,entry_sensor,position_sensor,exit_sensor,motor_feedback,sort_request,conveyor_motor,diverter_extend,diverter_retract,alarm,mode,state,run_latched,fault_latched,estop_latched,fault_id,fault_message,product_count,cycle_count,scan_count,scan_period_s
0.0,0.0,0.0,False,False,False,False,False,False,False,True,False,AUTOMATIC,IDLE,False,False,False,,,0,0,1,0.05
0.05,0.0,0.0,False,False,False,False,False,False,False,True,False,AUTOMATIC,IDLE,False,False,False,,,0,0,2,0.05
0.1,0.0,0.0,False,False,False,False,False,False,False,True,False,AUTOMATIC,IDLE,False,False,False,,,0,0,3,0.05
0.15,0.0,0.0,False,False,False,False,False,False,False,True,False,AUTOMATIC,IDLE,False,False,False,,,0,0,4,0.05
0.2,0.11428571428571431,0.0,False,False,False,False,False,True,False,True,False,AUTOMATIC,STARTUP,True,False,False,,,0,0,5,0.05
0.25,0.21224489795918372,0.0,False,False,False,False,False,True,False,True,False,AUTOMATIC,STARTUP,True,False,False,,,0,0,6,0.05
0.3,0.2962099125364432,0.0,False,False,False,True,False,True,False,True,False,AUTOMATIC,CONVEYING,True,False,False,,,0,0,7,0.05
0.35,0.36817992503123703,0.0,False,False,False,True,False,True,False,True,False,AUTOMATIC,CONVEYING,True,False,False,,,0,0,8,0.05
0.4,0.42986850716963176,0.0,False,False,False,True,False,True,False,True,False,AUTOMATIC,CONVEYING,True,False,False,,,0,0,9,0.05
0.45,0.48274443471682726,0.0,False,False,False,True,False,True,False,True,False,AUTOMATIC,CONVEYING,True,False,False,,,0,0,10,0.05
0.5,0.5280666583287091,0.0,False,False,False,True,False,True,False,True,False,AUTOMATIC,CONVEYING,True,False,False,,,0,0,11,0.05
0.55,0.566914278567465,0.0,False,False,False,True,False,True,False,True,False,AUTOMATIC,CONVEYING,True,False,False,,,0,0,12,0.05
0.6,0.6002122387721129,0.0,False,False,False,True,False,True,False,True,False,AUTOMATIC,CONVEYING,True,False,False,,,0,0,13,0.05
0.65,0.628753347518954,0.0,False,False,False,True,False,True,False,True,False,AUTOMATIC,CONVEYING,True,False,False,,,0,0,14,0.05
0.7,0.6532171550162462,0.0,False,False,False,True,False,True,False,True,False,AUTOMATIC,CONVEYING,True,False,False,,,0,0,15,0.05
0.75,0.6741861328710682,0.0,False,False,False,True,False,True,False,True,False,AUTOMATIC,CONVEYING,True,False,False,,,0,0,16,0.05
0.8,0.6921595424609156,0.0,False,False,False,True,False,True,False,True,False,AUTOMATIC,CONVEYING,True,False,False,,,0,0,17,0.05
0.85,0.7075653221093562,0.0,False,False,False,True,False,True,False,True,False,AUTOMATIC,CONVEYING,True,False,False,,,0,0,18,0.05
0.9,0.7207702760937339,0.0,False,False,False,True,False,True,False,True,False,AUTOMATIC,CONVEYING,True,False,False,,,0,0,19,0.05
0.95,0.7320888080803434,0.0,False,False,False,True,False,True,False,True,False,AUTOMATIC,CONVEYING,True,False,False,,,0,0,20,0.05
1.0,0.7417904069260086,0.0,False,False,False,True,True,True,False,True,False,AUTOMATIC,CONVEYING,True,False,False,,,0,0,21,0.05
1.05,0.750106063079436,0.0,True,False,False,True,True,True,False,True,False,AUTOMATIC,PRODUCT_DETECTED,True,False,False,,,0,0,22,0.05
1.1,0.7572337683538023,0.0,True,False,False,True,True,True,False,True,False,AUTOMATIC,PRODUCT_DETECTED,True,False,False,,,0,0,23,0.05
1.15,0.7633432300175448,0.0,True,False,False,True,True,True,False,True,False,AUTOMATIC,PRODUCT_DETECTED,True,False,False,,,0,0,24,0.05
1.2,0.7685799114436098,0.0,True,False,False,True,True,True,False,True,False,AUTOMATIC,PRODUCT_DETECTED,True,False,False,,,0,0,25,0.05
1.25,0.7730684955230941,0.0,True,False,False,True,True,True,False,True,False,AUTOMATIC,PRODUCT_DETECTED,True,False,False,,,0,0,26,0.05
1.3,0.7769158533055093,0.0,True,False,False,True,True,True,False,True,False,AUTOMATIC,PRODUCT_DETECTED,True,False,False,,,0,0,27,0.05
1.35,0.7802135885475794,0.0,True,False,False,True,True,True,False,True,False,AUTOMATIC,PRODUCT_DETECTED,True,False,False,,,0,0,28,0.05
1.4,0.783040218755068,0.0,True,False,False,True,True,True,False,True,False,AUTOMATIC,PRODUCT_DETECTED,True,False,False,,,0,0,29,0.05
1.45,0.7854630446472012,0.0,True,False,False,True,True,True,False,True,False,AUTOMATIC,PRODUCT_DETECTED,True,False,False,,,0,0,30,0.05
1.5,0.7875397525547438,0.0,False,False,False,True,True,True,False,True,False,AUTOMATIC,PRODUCT_DETECTED,True,False,False,,,0,0,31,0.05
1.55,0.7893197879040662,0.0,False,False,False,True,True,True,False,True,False,AUTOMATIC,PRODUCT_DETECTED,True,False,False,,,0,0,32,0.05
1.6,0.7908455324891996,0.0,False,False,False,True,True,True,False,True,False,AUTOMATIC,PRODUCT_DETECTED,True,False,False,,,0,0,33,0.05
1.65,0.7921533135621711,0.0,False,False,False,True,True,True,False,True,False,AUTOMATIC,PRODUCT_DETECTED,True,False,False,,,0,0,34,0.05
1.7,0.7932742687675752,0.0,False,False,False,True,True,True,False,True,False,AUTOMATIC,PRODUCT_DETECTED,True,False,False,,,0,0,35,0.05
1.75,0.7942350875150644,0.0,False,False,False,True,True,True,False,True,False,AUTOMATIC,PRODUCT_DETECTED,True,False,False,,,0,0,36,0.05
1.8,0.7950586464414838,0.0,False,False,False,True,True,True,False,True,False,AUTOMATIC,PRODUCT_DETECTED,True,False,False,,,0,0,37,0.05
1.85,0.7957645540927004,0.0,False,False,False,True,True,True,False,True,False,AUTOMATIC,PRODUCT_DETECTED,True,False,False,,,0,0,38,0.05
1.9,0.7963696177937433,0.0,False,False,False,True,True,True,False,True,False,AUTOMATIC,PRODUCT_DETECTED,True,False,False,,,0,0,39,0.05
1.95,0.7968882438232086,0.0,False,False,False,True,True,True,False,True,False,AUTOMATIC,PRODUCT_DETECTED,True,False,False,,,0,0,40,0.05
2.0,0.7973327804198931,0.0,False,False,False,True,True,True,False,True,False,AUTOMATIC,PRODUCT_DETECTED,True,False,False,,,0,0,41,0.05
2.05,0.7977138117884798,0.0,False,False,False,True,True,True,False,True,False,AUTOMATIC,PRODUCT_DETECTED,True,False,False,,,0,0,42,0.05
2.1,0.7980404101044113,0.0,False,False,False,True,True,True,False,True,False,AUTOMATIC,PRODUCT_DETECTED,True,False,False,,,0,0,43,0.05
2.15,0.7983203515180668,0.0,False,False,False,True,True,True,False,True,False,AUTOMATIC,PRODUCT_DETECTED,True,False,False,,,0,0,44,0.05
2.2,0.7985603013012001,0.0,False,False,False,True,True,True,False,True,False,AUTOMATIC,PRODUCT_DETECTED,True,False,False,,,0,0,45,0.05
2.25,0.7987659725438858,0.0,False,False,False,True,True,True,False,True,False,AUTOMATIC,PRODUCT_DETECTED,True,False,False,,,0,0,46,0.05
2.3,0.7989422621804736,0.0,False,False,False,True,True,True,False,True,False,AUTOMATIC,PRODUCT_DETECTED,True,False,False,,,0,0,47,0.05
2.35,0.7990933675832631,0.0,False,False,False,True,True,True,False,True,False,AUTOMATIC,PRODUCT_DETECTED,True,False,False,,,0,0,48,0.05
2.4,0.7992228864999398,0.0,False,False,False,True,True,True,False,True,False,AUTOMATIC,PRODUCT_DETECTED,True,False,False,,,0,0,49,0.05
2.45,0.7993339027142341,0.0,False,False,False,True,True,True,False,True,False,AUTOMATIC,PRODUCT_DETECTED,True,False,False,,,0,0,50,0.05
2.5,0.7994290594693435,0.0,False,False,False,True,True,True,False,True,False,AUTOMATIC,PRODUCT_DETECTED,True,False,False,,,0,0,51,0.05
2.55,0.7995106224022944,0.0,False,False,False,True,True,True,False,True,False,AUTOMATIC,PRODUCT_DETECTED,True,False,False,,,0,0,52,0.05
2.6,0.799580533487681,0.0,False,False,False,True,True,True,False,True,False,AUTOMATIC,PRODUCT_DETECTED,True,False,False,,,0,0,53,0.05
2.65,0.7996404572751551,0.0,False,False,False,True,True,True,False,True,False,AUTOMATIC,PRODUCT_DETECTED,True,False,False,,,0,0,54,0.05
2.7,0.7996918205215615,0.0,False,False,False,True,True,True,False,True,False,AUTOMATIC,PRODUCT_DETECTED,True,False,False,,,0,0,55,0.05
2.75,0.7997358461613384,0.0,False,False,False,True,True,True,False,True,False,AUTOMATIC,PRODUCT_DETECTED,True,False,False,,,0,0,56,0.05
2.8,0.7997735824240043,0.0,False,False,False,True,True,True,False,True,False,AUTOMATIC,PRODUCT_DETECTED,True,False,False,,,0,0,57,0.05
2.85,0.7998059277920037,0.0,False,False,False,True,True,True,False,True,False,AUTOMATIC,PRODUCT_DETECTED,True,False,False,,,0,0,58,0.05
2.9,0.799833652393146,0.0,False,False,False,True,True,True,False,True,False,AUTOMATIC,PRODUCT_DETECTED,True,False,False,,,0,0,59,0.05
2.95,0.7998574163369823,0.0,False,False,False,True,True,True,False,True,False,AUTOMATIC,PRODUCT_DETECTED,True,False,False,,,0,0,60,0.05
3.0,0.7998777854316991,0.0,False,False,False,True,True,True,False,True,False,AUTOMATIC,PRODUCT_DETECTED,True,False,False,,,0,0,61,0.05
3.05,0.799895244655742,0.0,False,False,False,True,True,True,False,True,False,AUTOMATIC,PRODUCT_DETECTED,True,False,False,,,0,0,62,0.05
3.1,0.7999102097049218,0.0,False,False,False,True,True,True,False,True,False,AUTOMATIC,PRODUCT_DETECTED,True,False,False,,,0,0,63,0.05
3.15,0.7999230368899329,0.0,False,False,False,True,True,True,False,True,False,AUTOMATIC,PRODUCT_DETECTED,True,False,False,,,0,0,64,0.05
3.2,0.7999340316199425,0.0,False,False,False,True,True,True,False,True,False,AUTOMATIC,PRODUCT_DETECTED,True,False,False,,,0,0,65,0.05
3.25,0.7999434556742364,0.0,False,False,False,True,True,True,False,True,False,AUTOMATIC,PRODUCT_DETECTED,True,False,False,,,0,0,66,0.05
3.3,0.7999515334350598,0.0,False,False,False,True,True,True,False,True,False,AUTOMATIC,PRODUCT_DETECTED,True,False,False,,,0,0,67,0.05
3.35,0.7999584572300512,0.0,False,False,False,True,True,True,False,True,False,AUTOMATIC,PRODUCT_DETECTED,True,False,False,,,0,0,68,0.05
3.4,0.7999643919114725,0.0,False,False,False,True,True,True,False,True,False,AUTOMATIC,PRODUCT_DETECTED,True,False,False,,,0,0,69,0.05
3.45,0.7999694787812621,0.0,False,False,False,True,True,True,False,True,False,AUTOMATIC,PRODUCT_DETECTED,True,False,False,,,0,0,70,0.05
3.5,0.7999738389553676,0.0,False,False,False,True,True,True,False,True,False,AUTOMATIC,PRODUCT_DETECTED,True,False,False,,,0,0,71,0.05
3.55,0.7999775762474579,0.0,False,False,False,True,True,True,False,True,False,AUTOMATIC,PRODUCT_DETECTED,True,False,False,,,0,0,72,0.05
3.6,0.7999807796406783,0.0,False,False,False,True,True,True,False,True,False,AUTOMATIC,PRODUCT_DETECTED,True,False,False,,,0,0,73,0.05
3.65,0.7999835254062957,0.0,False,False,False,True,True,True,False,True,False,AUTOMATIC,PRODUCT_DETECTED,True,False,False,,,0,0,74,0.05
3.7,0.799985878919682,0.0,False,False,False,True,True,True,False,True,False,AUTOMATIC,PRODUCT_DETECTED,True,False,False,,,0,0,75,0.05
3.75,0.7999878962168703,0.0,False,False,False,True,True,True,False,True,False,AUTOMATIC,PRODUCT_DETECTED,True,False,False,,,0,0,76,0.05
3.8,0.799989625328746,0.0,False,False,False,True,True,True,False,True,False,AUTOMATIC,PRODUCT_DETECTED,True,False,False,,,0,0,77,0.05
3.85,0.7999911074246394,0.0,False,False,False,True,True,True,False,True,False,AUTOMATIC,PRODUCT_DETECTED,True,False,False,,,0,0,78,0.05
3.9,0.7999923777925481,0.0,False,False,False,True,True,True,False,True,False,AUTOMATIC,PRODUCT_DETECTED,True,False,False,,,0,0,79,0.05
3.95,0.7999934666793269,0.0,False,False,False,True,True,True,False,True,False,AUTOMATIC,PRODUCT_DETECTED,True,False,False,,,0,0,80,0.05
4.0,0.7999944000108516,0.0,False,False,False,True,True,True,False,True,False,AUTOMATIC,PRODUCT_DETECTED,True,False,False,,,0,0,81,0.05
4.05,0.7999952000093015,0.0,False,False,False,True,True,True,False,True,False,AUTOMATIC,PRODUCT_DETECTED,True,False,False,,,0,0,82,0.05
4.1,0.7999958857222584,0.0,False,False,False,True,True,True,False,True,False,AUTOMATIC,PRODUCT_DETECTED,True,False,False,,,0,0,83,0.05
4.15,0.7999964734762215,0.0,False,False,False,True,True,True,False,True,False,AUTOMATIC,PRODUCT_DETECTED,True,False,False,,,0,0,84,0.05
4.2,0.7999969772653327,0.0,False,False,False,True,True,True,False,True,False,AUTOMATIC,PRODUCT_DETECTED,True,False,False,,,0,0,85,0.05
4.25,0.7999974090845708,0.0,False,False,False,True,True,True,False,True,False,AUTOMATIC,PRODUCT_DETECTED,True,False,False,,,0,0,86,0.05
4.3,0.7999977792153464,0.0,False,False,False,True,True,True,False,True,False,AUTOMATIC,PRODUCT_DETECTED,True,False,False,,,0,0,87,0.05
4.35,0.799998096470297,0.0,False,False,False,True,True,True,False,True,False,AUTOMATIC,PRODUCT_DETECTED,True,False,False,,,0,0,88,0.05
4.4,0.7999983684031117,0.0,False,False,False,True,True,True,False,True,False,AUTOMATIC,PRODUCT_DETECTED,True,False,False,,,0,0,89,0.05
4.45,0.7999986014883814,0.0,False,False,False,True,True,True,False,True,False,AUTOMATIC,PRODUCT_DETECTED,True,False,False,,,0,0,90,0.05
4.5,0.7999988012757555,0.0,False,False,False,True,True,True,False,True,False,AUTOMATIC,PRODUCT_DETECTED,True,False,False,,,0,0,91,0.05
4.55,0.7999989725220762,0.0,False,False,False,True,True,True,False,True,False,AUTOMATIC,PRODUCT_DETECTED,True,False,False,,,0,0,92,0.05
4.6,0.7999991193046367,0.0,False,False,False,True,True,True,False,True,False,AUTOMATIC,PRODUCT_DETECTED,True,False,False,,,0,0,93,0.05
4.65,0.79999924511826,0.0,False,False,False,True,True,True,False,True,False,AUTOMATIC,PRODUCT_DETECTED,True,False,False,,,0,0,94,0.05
4.7,0.7999993529585087,0.0,False,False,False,True,True,True,False,True,False,AUTOMATIC,PRODUCT_DETECTED,True,False,False,,,0,0,95,0.05
4.75,0.7999994453930074,0.0,False,False,False,True,True,True,False,True,False,AUTOMATIC,PRODUCT_DETECTED,True,False,False,,,0,0,96,0.05
4.8,0.7999995246225777,0.0,False,False,False,True,True,True,False,True,False,AUTOMATIC,PRODUCT_DETECTED,True,False,False,,,0,0,97,0.05
4.85,0.7999995925336381,0.0,False,False,False,True,True,True,False,True,False,AUTOMATIC,PRODUCT_DETECTED,True,False,False,,,0,0,98,0.05
4.9,0.7999996507431183,0.0,False,False,False,True,True,True,False,True,False,AUTOMATIC,PRODUCT_DETECTED,True,False,False,,,0,0,99,0.05
4.95,0.7999997006369586,0.0,False,False,False,True,True,True,False,True,False,AUTOMATIC,PRODUCT_DETECTED,True,False,False,,,0,0,100,0.05
5.0,0.7999997434031073,0.0,False,False,False,True,True,True,False,True,False,AUTOMATIC,PRODUCT_DETECTED,True,False,False,,,0,0,101,0.05
5.05,0.7999997800598063,0.0,False,False,False,True,True,True,False,True,False,AUTOMATIC,PRODUCT_DETECTED,True,False,False,,,0,0,102,0.05
5.1,0.799999811479834,0.0,False,False,False,True,True,True,False,True,False,AUTOMATIC,PRODUCT_DETECTED,True,False,False,,,0,0,103,0.05
5.15,0.7999998384112863,0.0,False,False,False,True,True,True,False,True,False,AUTOMATIC,PRODUCT_DETECTED,True,False,False,,,0,0,104,0.05
5.2,0.7999998614953883,0.0,False,False,False,True,True,True,False,True,False,AUTOMATIC,PRODUCT_DETECTED,True,False,False,,,0,0,105,0.05
5.25,0.7999998812817614,0.0,False,False,False,True,True,True,False,True,False,AUTOMATIC,PRODUCT_DETECTED,True,False,False,,,0,0,106,0.05
5.3,0.7999998982415097,0.0,False,False,False,True,True,True,False,True,False,AUTOMATIC,PRODUCT_DETECTED,True,False,False,,,0,0,107,0.05
5.35,0.799999912778437,0.0,False,False,False,True,True,True,False,True,False,AUTOMATIC,PRODUCT_DETECTED,True,False,False,,,0,0,108,0.05
5.4,0.7999999252386603,0.0,False,False,False,True,True,True,False,True,False,AUTOMATIC,PRODUCT_DETECTED,True,False,False,,,0,0,109,0.05
5.45,0.7999999359188517,0.0,False,False,False,True,True,True,False,True,False,AUTOMATIC,PRODUCT_DETECTED,True,False,False,,,0,0,110,0.05
5.5,0.7999999450733014,0.0,False,False,False,True,True,True,False,True,False,AUTOMATIC,PRODUCT_DETECTED,True,False,False,,,0,0,111,0.05
5.55,0.7999999529199726,0.0,False,False,False,True,True,True,False,True,False,AUTOMATIC,PRODUCT_DETECTED,True,False,False,,,0,0,112,0.05
5.6,0.7999999596456908,0.0,False,False,False,True,True,True,False,True,False,AUTOMATIC,PRODUCT_DETECTED,True,False,False,,,0,0,113,0.05
5.65,0.7999999654105922,0.0,False,False,False,True,True,True,False,True,False,AUTOMATIC,PRODUCT_DETECTED,True,False,False,,,0,0,114,0.05
5.7,0.7999999703519362,0.0,False,False,False,True,True,True,False,True,False,AUTOMATIC,PRODUCT_DETECTED,True,False,False,,,0,0,115,0.05
5.75,0.7999999745873738,0.0,False,False,False,True,True,True,False,True,False,AUTOMATIC,PRODUCT_DETECTED,True,False,False,,,0,0,116,0.05
5.8,0.799999978217749,0.0,False,False,False,True,True,True,False,True,False,AUTOMATIC,PRODUCT_DETECTED,True,False,False,,,0,0,117,0.05
5.85,0.7999999813294992,0.0,False,False,False,True,True,True,False,True,False,AUTOMATIC,PRODUCT_DETECTED,True,False,False,,,0,0,118,0.05
5.9,0.7999999839967137,0.0,False,False,False,True,True,True,False,True,False,AUTOMATIC,PRODUCT_DETECTED,True,False,False,,,0,0,119,0.05
5.95,0.7999999862828975,0.0,False,False,False,True,True,True,False,True,False,AUTOMATIC,PRODUCT_DETECTED,True,False,False,,,0,0,120,0.05
6.0,0.7999999882424835,0.0,False,False,False,True,True,True,False,True,False,AUTOMATIC,PRODUCT_DETECTED,True,False,False,,,0,0,121,0.05
6.05,0.7999999899221287,0.0,False,False,False,True,True,True,False,True,False,AUTOMATIC,PRODUCT_DETECTED,True,False,False,,,0,0,122,0.05
6.1,0.7999999913618246,0.0,False,False,False,True,True,True,False,True,False,AUTOMATIC,PRODUCT_DETECTED,True,False,False,,,0,0,123,0.05
6.15,0.7999999925958498,0.0,False,False,False,True,True,True,False,True,False,AUTOMATIC,PRODUCT_DETECTED,True,False,False,,,0,0,124,0.05
6.2,0.7999999936535855,0.0,False,False,False,True,True,True,False,True,False,AUTOMATIC,PRODUCT_DETECTED,True,False,False,,,0,0,125,0.05
6.25,0.7999999945602162,0.0,False,False,False,True,True,True,False,True,False,AUTOMATIC,PRODUCT_DETECTED,True,False,False,,,0,0,126,0.05
6.3,0.7999999953373281,0.0,False,False,False,True,True,True,False,True,False,AUTOMATIC,PRODUCT_DETECTED,True,False,False,,,0,0,127,0.05
6.35,0.7999999960034241,0.0,False,False,False,True,True,True,False,True,False,AUTOMATIC,PRODUCT_DETECTED,True,False,False,,,0,0,128,0.05
6.4,0.7999999965743635,0.0,False,False,False,True,True,True,False,True,False,AUTOMATIC,PRODUCT_DETECTED,True,False,False,,,0,0,129,0.05
6.45,0.7999999970637401,0.0,False,False,False,True,True,True,False,True,False,AUTOMATIC,PRODUCT_DETECTED,True,False,False,,,0,0,130,0.05
6.5,0.7999999974832058,0.0,False,False,False,True,True,True,False,True,False,AUTOMATIC,PRODUCT_DETECTED,True,False,False,,,0,0,131,0.05
6.55,0.7999999978427479,0.0,False,False,False,True,True,True,False,True,False,AUTOMATIC,PRODUCT_DETECTED,True,False,False,,,0,0,132,0.05
6.6,0.7999999981509268,0.0,False,False,False,True,True,True,False,True,False,AUTOMATIC,PRODUCT_DETECTED,True,False,False,,,0,0,133,0.05
6.65,0.7999999984150802,0.0,False,False,False,True,True,True,False,True,False,AUTOMATIC,PRODUCT_DETECTED,True,False,False,,,0,0,134,0.05
6.7,0.7999999986414973,0.0,False,False,False,True,True,True,False,True,False,AUTOMATIC,PRODUCT_DETECTED,True,False,False,,,0,0,135,0.05
6.75,0.7999999988355692,0.0,False,False,False,True,True,True,False,True,False,AUTOMATIC,PRODUCT_DETECTED,True,False,False,,,0,0,136,0.05
6.8,0.7999999990019164,0.0,False,False,False,True,True,True,False,True,False,AUTOMATIC,PRODUCT_DETECTED,True,False,False,,,0,0,137,0.05
6.85,0.7999999991444998,0.0,False,False,False,True,True,True,False,True,False,AUTOMATIC,PRODUCT_DETECTED,True,False,False,,,0,0,138,0.05
6.9,0.7999999992667142,0.0,False,False,False,True,True,True,False,True,False,AUTOMATIC,PRODUCT_DETECTED,True,False,False,,,0,0,139,0.05
6.95,0.7999999993714693,0.0,False,False,False,True,True,True,False,True,False,AUTOMATIC,PRODUCT_DETECTED,True,False,False,,,0,0,140,0.05
7.0,0.7999999994612593,0.0,False,False,False,True,True,True,False,True,False,AUTOMATIC,PRODUCT_DETECTED,True,False,False,,,0,0,141,0.05
7.05,0.7999999995382223,0.0,False,False,False,True,True,True,False,True,False,AUTOMATIC,PRODUCT_DETECTED,True,False,False,,,0,0,142,0.05
7.1,0.7999999996041905,0.0,False,False,False,True,True,True,False,True,False,AUTOMATIC,PRODUCT_DETECTED,True,False,False,,,0,0,143,0.05
7.15,0.7999999996607348,0.0,False,False,False,True,True,True,False,True,False,AUTOMATIC,PRODUCT_DETECTED,True,False,False,,,0,0,144,0.05
7.2,0.7999999997092012,0.0,False,False,False,True,True,True,False,True,False,AUTOMATIC,PRODUCT_DETECTED,True,False,False,,,0,0,145,0.05
7.25,0.7999999997507439,0.0,False,False,False,True,True,True,False,True,False,AUTOMATIC,PRODUCT_DETECTED,True,False,False,,,0,0,146,0.05
7.3,0.799999999786352,0.0,False,False,False,True,True,True,False,True,False,AUTOMATIC,PRODUCT_DETECTED,True,False,False,,,0,0,147,0.05
7.35,0.7999999998168731,0.0,False,False,False,True,True,True,False,True,False,AUTOMATIC,PRODUCT_DETECTED,True,False,False,,,0,0,148,0.05
7.4,0.799999999843034,0.0,False,False,False,True,True,True,False,True,False,AUTOMATIC,PRODUCT_DETECTED,True,False,False,,,0,0,149,0.05
7.45,0.7999999998654578,0.0,False,False,False,True,True,True,False,True,False,AUTOMATIC,PRODUCT_DETECTED,True,False,False,,,0,0,150,0.05
7.5,0.7999999998846781,0.0,False,False,False,True,True,True,False,True,False,AUTOMATIC,PRODUCT_DETECTED,True,False,False,,,0,0,151,0.05
7.55,0.7999999999011527,0.0,False,False,False,True,True,True,False,True,False,AUTOMATIC,PRODUCT_DETECTED,True,False,False,,,0,0,152,0.05
7.6,0.7999999999152737,0.0,False,False,False,True,True,True,False,True,False,AUTOMATIC,PRODUCT_DETECTED,True,False,False,,,0,0,153,0.05
7.65,0.7999999999273775,0.0,False,False,False,True,True,True,False,True,False,AUTOMATIC,PRODUCT_DETECTED,True,False,False,,,0,0,154,0.05
7.7,0.7999999999377522,0.0,False,False,False,True,True,True,False,True,False,AUTOMATIC,PRODUCT_DETECTED,True,False,False,,,0,0,155,0.05
7.75,0.7999999999466447,0.0,False,False,False,True,True,True,False,True,False,AUTOMATIC,PRODUCT_DETECTED,True,False,False,,,0,0,156,0.05
7.8,0.799999999954267,0.0,False,False,False,True,True,True,False,True,False,AUTOMATIC,PRODUCT_DETECTED,True,False,False,,,0,0,157,0.05
7.85,0.7999999999608003,0.0,False,False,False,True,True,True,False,True,False,AUTOMATIC,PRODUCT_DETECTED,True,False,False,,,0,0,158,0.05
7.9,0.7999999999664003,0.0,False,False,False,True,True,True,False,True,False,AUTOMATIC,PRODUCT_DETECTED,True,False,False,,,0,0,159,0.05
7.95,0.7999999999712002,0.0,False,False,False,True,True,True,False,True,False,AUTOMATIC,PRODUCT_DETECTED,True,False,False,,,0,0,160,0.05
8.0,0.7999999999753145,0.0,False,False,False,True,True,True,False,True,False,AUTOMATIC,PRODUCT_DETECTED,True,False,False,,,0,0,161,0.05
8.05,0.799999999978841,0.0,False,True,False,True,True,True,False,True,False,AUTOMATIC,POSITIONING,True,False,False,,,0,0,162,0.05
8.1,0.7999999999818637,0.25,False,True,False,True,True,True,True,False,False,AUTOMATIC,SORTING,True,False,False,,,0,0,163,0.05
8.15,0.7999999999844546,0.4375,False,True,False,True,True,True,True,False,False,AUTOMATIC,SORTING,True,False,False,,,0,0,164,0.05
8.2,0.7999999999866754,0.578125,False,True,False,True,True,True,True,False,False,AUTOMATIC,SORTING,True,False,False,,,0,0,165,0.05
8.25,0.7999999999885788,0.68359375,False,True,False,True,True,True,True,False,False,AUTOMATIC,SORTING,True,False,False,,,0,0,166,0.05
8.3,0.7999999999902104,0.7626953125,False,True,False,True,False,True,True,False,False,AUTOMATIC,SORTING,True,False,False,,,0,0,167,0.05
8.35,0.799999999991609,0.822021484375,False,True,False,True,False,True,True,False,False,AUTOMATIC,SORTING,True,False,False,,,0,0,168,0.05
8.4,0.7999999999928077,0.86651611328125,False,True,False,True,False,True,True,False,False,AUTOMATIC,SORTING,True,False,False,,,0,0,169,0.05
8.45,0.7999999999938352,0.8998870849609375,False,True,False,True,False,True,True,False,False,AUTOMATIC,SORTING,True,False,False,,,0,0,170,0.05
8.5,0.7999999999947159,0.9249153137207031,False,True,False,True,False,True,True,False,False,AUTOMATIC,SORTING,True,False,False,,,0,0,171,0.05
8.55,0.7999999999954708,0.9436864852905273,False,True,False,True,False,True,True,False,False,AUTOMATIC,SORTING,True,False,False,,,0,0,172,0.05
8.6,0.7999999999961178,0.9577648639678955,False,False,False,True,False,True,True,False,False,AUTOMATIC,SORTING,True,False,False,,,0,0,173,0.05
8.65,0.7999999999966724,0.9683236479759216,False,False,False,True,False,True,True,False,False,AUTOMATIC,SORTING,True,False,False,,,0,0,174,0.05
8.7,0.7999999999971478,0.9762427359819412,False,False,False,True,False,True,True,False,False,AUTOMATIC,SORTING,True,False,False,,,0,0,175,0.05
8.75,0.7999999999975552,0.9821820519864559,False,False,False,True,False,True,True,False,False,AUTOMATIC,SORTING,True,False,False,,,0,0,176,0.05
8.8,0.7999999999979045,0.9866365389898419,False,False,False,True,False,True,True,False,False,AUTOMATIC,SORTING,True,False,False,,,0,0,177,0.05
8.85,0.7999999999982038,0.9899774042423815,False,False,False,True,False,True,True,False,False,AUTOMATIC,SORTING,True,False,False,,,0,0,178,0.05
8.9,0.7999999999984604,0.9924830531817861,False,False,False,True,False,True,True,False,False,AUTOMATIC,SORTING,True,False,False,,,0,0,179,0.05
8.95,0.7999999999986803,0.9943622898863396,False,False,False,True,False,True,True,False,False,AUTOMATIC,SORTING,True,False,False,,,0,0,180,0.05
9.0,0.7999999999988688,0.9957717174147547,False,False,False,True,False,True,True,False,False,AUTOMATIC,SORTING,True,False,False,,,0,0,181,0.05
9.05,0.7999999999990305,0.996828788061066,False,False,False,True,False,True,True,False,False,AUTOMATIC,SORTING,True,False,False,,,0,0,182,0.05
9.1,0.799999999999169,0.9976215910457995,False,False,False,True,False,True,True,False,False,AUTOMATIC,SORTING,True,False,False,,,0,0,183,0.05
9.15,0.7999999999992877,0.9982161932843496,False,False,False,True,False,True,True,False,False,AUTOMATIC,SORTING,True,False,False,,,0,0,184,0.05
9.2,0.7999999999993895,0.9986621449632622,False,False,False,True,False,True,True,False,False,AUTOMATIC,SORTING,True,False,False,,,0,0,185,0.05
9.25,0.7999999999994768,0.9989966087224467,False,False,False,True,False,True,True,False,False,AUTOMATIC,SORTING,True,False,False,,,0,0,186,0.05
9.3,0.7999999999995515,0.999247456541835,False,False,False,True,False,True,True,False,False,AUTOMATIC,SORTING,True,False,False,,,0,0,187,0.05
9.35,0.7999999999996156,0.9994355924063762,False,False,False,True,False,True,True,False,False,AUTOMATIC,SORTING,True,False,False,,,0,0,188,0.05
9.4,0.7999999999996705,0.9995766943047821,False,False,False,True,False,True,True,False,False,AUTOMATIC,SORTING,True,False,False,,,0,0,189,0.05
9.45,0.7999999999997176,0.9996825207285867,False,False,False,True,False,True,True,False,False,AUTOMATIC,SORTING,True,False,False,,,0,0,190,0.05
9.5,0.7999999999997579,0.99976189054644,False,False,False,True,False,True,True,False,False,AUTOMATIC,SORTING,True,False,False,,,0,0,191,0.05
9.55,0.7999999999997925,0.99982141790983,False,False,False,True,False,True,True,False,False,AUTOMATIC,SORTING,True,False,False,,,0,0,192,0.05
9.6,0.7999999999998222,0.9998660634323725,False,False,False,True,False,True,True,False,False,AUTOMATIC,SORTING,True,False,False,,,0,0,193,0.05
9.65,0.7999999999998476,0.9998995475742793,False,False,False,True,False,True,True,False,False,AUTOMATIC,SORTING,True,False,False,,,0,0,194,0.05
9.7,0.7999999999998694,0.9999246606807095,False,False,False,True,False,True,True,False,False,AUTOMATIC,SORTING,True,False,False,,,0,0,195,0.05
9.75,0.799999999999888,0.9999434955105322,False,False,False,True,False,True,True,False,False,AUTOMATIC,SORTING,True,False,False,,,0,0,196,0.05
9.8,0.799999999999904,0.9999576216328991,False,False,False,True,False,True,True,False,False,AUTOMATIC,SORTING,True,False,False,,,0,0,197,0.05
9.85,0.7999999999999178,0.9999682162246744,False,False,False,True,False,True,True,False,False,AUTOMATIC,SORTING,True,False,False,,,0,0,198,0.05
9.9,0.7999999999999295,0.9999761621685057,False,False,False,True,False,True,True,False,False,AUTOMATIC,SORTING,True,False,False,,,0,0,199,0.05
9.95,0.7999999999999396,0.9999821216263793,False,False,False,True,False,True,True,False,False,AUTOMATIC,SORTING,True,False,False,,,0,0,200,0.05
10.0,0.7999999999999483,0.9999865912197845,False,False,False,True,False,True,True,False,False,AUTOMATIC,SORTING,True,False,False,,,0,0,201,0.05
10.05,0.7999999999999557,0.9999899434148384,False,False,False,True,False,True,True,False,False,AUTOMATIC,SORTING,True,False,False,,,0,0,202,0.05
10.1,0.7999999999999621,0.9999924575611288,False,False,False,True,False,True,True,False,False,AUTOMATIC,SORTING,True,False,False,,,0,0,203,0.05
10.15,0.7999999999999675,0.9999943431708466,False,False,False,True,False,True,True,False,False,AUTOMATIC,SORTING,True,False,False,,,0,0,204,0.05
10.2,0.7999999999999722,0.999995757378135,False,False,False,True,False,True,True,False,False,AUTOMATIC,SORTING,True,False,False,,,0,0,205,0.05
10.25,0.7999999999999762,0.9999968180336012,False,False,False,True,False,True,True,False,False,AUTOMATIC,SORTING,True,False,False,,,0,0,206,0.05
10.3,0.7999999999999796,0.9999976135252009,False,False,False,True,False,True,True,False,False,AUTOMATIC,SORTING,True,False,False,,,0,0,207,0.05
10.35,0.7999999999999825,0.9999982101439007,False,False,False,True,False,True,True,False,False,AUTOMATIC,SORTING,True,False,False,,,0,0,208,0.05
10.4,0.7999999999999851,0.9999986576079255,False,False,False,True,False,True,True,False,False,AUTOMATIC,SORTING,True,False,False,,,0,0,209,0.05
10.45,0.7999999999999872,0.9999989932059441,False,False,False,True,False,True,True,False,False,AUTOMATIC,SORTING,True,False,False,,,0,0,210,0.05
10.5,0.799999999999989,0.9999992449044581,False,False,False,True,False,True,True,False,False,AUTOMATIC,SORTING,True,False,False,,,0,0,211,0.05
10.55,0.7999999999999906,0.9999994336783435,False,False,False,True,False,True,True,False,False,AUTOMATIC,SORTING,True,False,False,,,0,0,212,0.05
10.6,0.7999999999999919,0.9999995752587576,False,False,False,True,False,True,True,False,False,AUTOMATIC,SORTING,True,False,False,,,0,0,213,0.05
10.65,0.799999999999993,0.9999996814440683,False,False,False,True,False,True,True,False,False,AUTOMATIC,SORTING,True,False,False,,,0,0,214,0.05
10.7,0.799999999999994,0.9999997610830512,False,False,False,True,False,True,True,False,False,AUTOMATIC,SORTING,True,False,False,,,0,0,215,0.05
10.75,0.7999999999999949,0.9999998208122884,False,False,False,True,False,True,True,False,False,AUTOMATIC,SORTING,True,False,False,,,0,0,216,0.05
10.8,0.7999999999999957,0.9999998656092164,False,False,False,True,False,True,True,False,False,AUTOMATIC,SORTING,True,False,False,,,0,0,217,0.05
10.85,0.7999999999999964,0.9999998992069123,False,False,False,True,False,True,True,False,False,AUTOMATIC,SORTING,True,False,False,,,0,0,218,0.05
10.9,0.7999999999999969,0.9999999244051843,False,False,False,True,False,True,True,False,False,AUTOMATIC,SORTING,True,False,False,,,0,0,219,0.05
10.95,0.7999999999999974,0.9999999433038882,False,False,False,True,False,True,True,False,False,AUTOMATIC,SORTING,True,False,False,,,0,0,220,0.05
11.0,0.7999999999999977,0.9999999574779161,False,False,False,True,False,True,True,False,False,AUTOMATIC,SORTING,True,False,False,,,0,0,221,0.05
11.05,0.799999999999998,0.999999968108437,False,False,False,True,False,True,True,False,False,AUTOMATIC,SORTING,True,False,False,,,0,0,222,0.05
11.1,0.7999999999999984,0.9999999760813278,False,False,False,True,False,True,True,False,False,AUTOMATIC,SORTING,True,False,False,,,0,0,223,0.05
11.15,0.7999999999999986,0.9999999820609959,False,False,False,True,False,True,True,False,False,AUTOMATIC,SORTING,True,False,False,,,0,0,224,0.05
11.2,0.7999999999999988,0.999999986545747,False,False,False,True,False,True,True,False,False,AUTOMATIC,SORTING,True,False,False,,,0,0,225,0.05
11.25,0.799999999999999,0.9999999899093102,False,False,False,True,False,True,True,False,False,AUTOMATIC,SORTING,True,False,False,,,0,0,226,0.05
11.3,0.7999999999999992,0.9999999924319827,False,False,False,True,False,True,True,False,False,AUTOMATIC,SORTING,True,False,False,,,0,0,227,0.05
11.35,0.7999999999999993,0.999999994323987,False,False,False,True,False,True,True,False,False,AUTOMATIC,SORTING,True,False,False,,,0,0,228,0.05
11.4,0.7999999999999994,0.9999999957429903,False,False,False,True,False,True,True,False,False,AUTOMATIC,SORTING,True,False,False,,,0,0,229,0.05
11.45,0.7999999999999995,0.9999999968072427,False,False,False,True,False,True,True,False,False,AUTOMATIC,SORTING,True,False,False,,,0,0,230,0.05
11.5,0.7999999999999996,0.999999997605432,False,False,False,True,False,True,True,False,False,AUTOMATIC,SORTING,True,False,False,,,0,0,231,0.05
11.55,0.7999999999999997,0.999999998204074,False,False,False,True,False,True,True,False,False,AUTOMATIC,SORTING,True,False,False,,,0,0,232,0.05
11.6,0.7999999999999997,0.9999999986530556,False,False,False,True,False,True,True,False,False,AUTOMATIC,SORTING,True,False,False,,,0,0,233,0.05
11.65,0.7999999999999997,0.9999999989897916,False,False,False,True,False,True,True,False,False,AUTOMATIC,SORTING,True,False,False,,,0,0,234,0.05
11.7,0.7999999999999997,0.9999999992423437,False,False,False,True,False,True,True,False,False,AUTOMATIC,SORTING,True,False,False,,,0,0,235,0.05
11.75,0.7999999999999997,0.9999999994317578,False,False,False,True,False,True,True,False,False,AUTOMATIC,SORTING,True,False,False,,,0,0,236,0.05
11.8,0.7999999999999997,0.9999999995738184,False,False,False,True,False,True,True,False,False,AUTOMATIC,SORTING,True,False,False,,,0,0,237,0.05
11.85,0.7999999999999997,0.9999999996803638,False,False,False,True,False,True,True,False,False,AUTOMATIC,SORTING,True,False,False,,,0,0,238,0.05
11.9,0.7999999999999997,0.9999999997602729,False,False,False,True,False,True,True,False,False,AUTOMATIC,SORTING,True,False,False,,,0,0,239,0.05
11.95,0.7999999999999997,0.9999999998202047,False,False,False,True,False,True,True,False,False,AUTOMATIC,SORTING,True,False,False,,,0,0,240,0.05
12.0,0.7999999999999997,0.9999999998651535,False,False,False,True,False,True,True,False,False,AUTOMATIC,SORTING,True,False,False,,,0,0,241,0.05
12.05,0.7999999999999997,0.9999999998988651,False,False,False,True,False,True,True,False,False,AUTOMATIC,SORTING,True,False,False,,,0,0,242,0.05
12.1,0.7999999999999997,0.9999999999241489,False,False,False,True,False,True,True,False,False,AUTOMATIC,SORTING,True,False,False,,,0,0,243,0.05
12.15,0.7999999999999997,0.9999999999431117,False,False,False,True,False,True,True,False,False,AUTOMATIC,SORTING,True,False,False,,,0,0,244,0.05
12.2,0.7999999999999997,0.9999999999573338,False,False,False,True,False,True,True,False,False,AUTOMATIC,SORTING,True,False,False,,,0,0,245,0.05
12.25,0.7999999999999997,0.9999999999680004,False,False,False,True,False,True,True,False,False,AUTOMATIC,SORTING,True,False,False,,,0,0,246,0.05
12.3,0.7999999999999997,0.9999999999760003,False,False,False,True,False,True,True,False,False,AUTOMATIC,SORTING,True,False,False,,,0,0,247,0.05
12.35,0.7999999999999997,0.9999999999820002,False,False,False,True,False,True,True,False,False,AUTOMATIC,SORTING,True,False,False,,,0,0,248,0.05
12.4,0.7999999999999997,0.9999999999865001,False,False,False,True,False,True,True,False,False,AUTOMATIC,SORTING,True,False,False,,,0,0,249,0.05
12.45,0.7999999999999997,0.9999999999898751,False,False,False,True,False,True,True,False,False,AUTOMATIC,SORTING,True,False,False,,,0,0,250,0.05
12.5,0.7999999999999997,0.9999999999924063,False,False,False,True,False,True,True,False,False,AUTOMATIC,SORTING,True,False,False,,,0,0,251,0.05
12.55,0.7999999999999997,0.9999999999943048,False,False,False,True,False,True,True,False,False,AUTOMATIC,SORTING,True,False,False,,,0,0,252,0.05
12.6,0.7999999999999997,0.9999999999957285,False,False,False,True,False,True,True,False,False,AUTOMATIC,SORTING,True,False,False,,,0,0,253,0.05
12.65,0.7999999999999997,0.9999999999967963,False,False,False,True,False,True,True,False,False,AUTOMATIC,SORTING,True,False,False,,,0,0,254,0.05
12.7,0.7999999999999997,0.7499999999975973,False,False,True,True,False,True,False,True,False,AUTOMATIC,PRODUCT_EXIT,True,False,False,,,1,1,255,0.05
12.75,0.7999999999999997,0.5624999999981979,False,False,True,True,False,True,False,True,False,AUTOMATIC,PRODUCT_EXIT,True,False,False,,,1,1,256,0.05
12.8,0.7999999999999997,0.4218749999986484,False,False,True,True,False,True,False,True,False,AUTOMATIC,PRODUCT_EXIT,True,False,False,,,1,1,257,0.05
12.85,0.7999999999999997,0.3164062499989863,False,False,True,True,False,True,False,True,False,AUTOMATIC,PRODUCT_EXIT,True,False,False,,,1,1,258,0.05
12.9,0.7999999999999997,0.23730468749923972,False,False,True,True,False,True,False,True,False,AUTOMATIC,PRODUCT_EXIT,True,False,False,,,1,1,259,0.05
12.95,0.7999999999999997,0.1779785156244298,False,False,False,True,False,True,False,True,False,AUTOMATIC,CONVEYING,True,False,False,,,1,1,260,0.05
13.0,0.7999999999999997,0.13348388671832234,False,False,False,True,False,True,False,True,False,AUTOMATIC,CONVEYING,True,False,False,,,1,1,261,0.05
13.05,0.7999999999999997,0.10011291503874176,False,False,False,True,False,True,False,True,False,AUTOMATIC,CONVEYING,True,False,False,,,1,1,262,0.05
13.1,0.7999999999999997,0.07508468627905632,False,False,False,True,False,True,False,True,False,AUTOMATIC,CONVEYING,True,False,False,,,1,1,263,0.05
13.15,0.7999999999999997,0.05631351470929224,False,False,False,True,False,True,False,True,False,AUTOMATIC,CONVEYING,True,False,False,,,1,1,264,0.05
13.2,0.7999999999999997,0.04223513603196918,False,False,False,True,False,True,False,True,False,AUTOMATIC,CONVEYING,True,False,False,,,1,1,265,0.05
13.25,0.7999999999999997,0.03167635202397688,False,False,False,True,False,True,False,True,False,AUTOMATIC,CONVEYING,True,False,False,,,1,1,266,0.05
13.3,0.7999999999999997,0.02375726401798266,False,False,False,True,False,True,False,True,False,AUTOMATIC,CONVEYING,True,False,False,,,1,1,267,0.05
13.35,0.7999999999999997,0.017817948013486996,False,False,False,True,False,True,False,True,False,AUTOMATIC,CONVEYING,True,False,False,,,1,1,268,0.05
13.4,0.7999999999999997,0.013363461010115247,False,False,False,True,False,True,False,True,False,AUTOMATIC,CONVEYING,True,False,False,,,1,1,269,0.05
13.45,0.7999999999999997,0.010022595757586435,False,False,False,True,False,True,False,True,False,AUTOMATIC,CONVEYING,True,False,False,,,1,1,270,0.05
13.5,0.7999999999999997,0.007516946818189827,False,False,False,True,False,True,False,True,False,AUTOMATIC,CONVEYING,True,False,False,,,1,1,271,0.05
13.55,0.7999999999999997,0.0056377101136423705,False,False,False,True,False,True,False,True,False,AUTOMATIC,CONVEYING,True,False,False,,,1,1,272,0.05
13.6,0.7999999999999997,0.004228282585231778,False,False,False,True,False,True,False,True,False,AUTOMATIC,CONVEYING,True,False,False,,,1,1,273,0.05
13.65,0.7999999999999997,0.0031712119389238334,False,False,False,True,False,True,False,True,False,AUTOMATIC,CONVEYING,True,False,False,,,1,1,274,0.05
13.7,0.7999999999999997,0.002378408954192875,False,False,False,True,False,True,False,True,False,AUTOMATIC,CONVEYING,True,False,False,,,1,1,275,0.05
13.75,0.7999999999999997,0.0017838067156446564,False,False,False,True,False,True,False,True,False,AUTOMATIC,CONVEYING,True,False,False,,,1,1,276,0.05
13.8,0.7999999999999997,0.0013378550367334923,False,False,False,True,False,True,False,True,False,AUTOMATIC,CONVEYING,True,False,False,,,1,1,277,0.05
13.85,0.7999999999999997,0.0010033912775501194,False,False,False,True,False,True,False,True,False,AUTOMATIC,CONVEYING,True,False,False,,,1,1,278,0.05
13.9,0.7999999999999997,0.0007525434581625895,False,False,False,True,False,True,False,True,False,AUTOMATIC,CONVEYING,True,False,False,,,1,1,279,0.05
13.95,0.7999999999999997,0.0005644075936219421,False,False,False,True,False,True,False,True,False,AUTOMATIC,CONVEYING,True,False,False,,,1,1,280,0.05
14.0,0.7999999999999997,0.0004233056952164566,False,False,False,True,False,True,False,True,False,AUTOMATIC,CONVEYING,True,False,False,,,1,1,281,0.05
14.05,0.7999999999999997,0.00031747927141234243,False,False,False,True,False,True,False,True,False,AUTOMATIC,CONVEYING,True,False,False,,,1,1,282,0.05
14.1,0.7999999999999997,0.00023810945355925685,False,False,False,True,False,True,False,True,False,AUTOMATIC,CONVEYING,True,False,False,,,1,1,283,0.05
14.15,0.7999999999999997,0.00017858209016944265,False,False,False,True,False,True,False,True,False,AUTOMATIC,CONVEYING,True,False,False,,,1,1,284,0.05
14.2,0.7999999999999997,0.00013393656762708197,False,False,False,True,False,True,False,True,False,AUTOMATIC,CONVEYING,True,False,False,,,1,1,285,0.05
14.25,0.7999999999999997,0.00010045242572031148,False,False,False,True,False,True,False,True,False,AUTOMATIC,CONVEYING,True,False,False,,,1,1,286,0.05
14.3,0.7999999999999997,7.533931929023361e-05,False,False,False,True,False,True,False,True,False,AUTOMATIC,CONVEYING,True,False,False,,,1,1,287,0.05
14.35,0.7999999999999997,5.6504489467675206e-05,False,False,False,True,False,True,False,True,False,AUTOMATIC,CONVEYING,True,False,False,,,1,1,288,0.05
14.4,0.7999999999999997,4.23783671007564e-05,False,False,False,True,False,True,False,True,False,AUTOMATIC,CONVEYING,True,False,False,,,1,1,289,0.05
14.45,0.7999999999999997,3.17837753255673e-05,False,False,False,True,False,True,False,True,False,AUTOMATIC,CONVEYING,True,False,False,,,1,1,290,0.05
14.5,0.7999999999999997,2.3837831494175476e-05,False,False,False,True,False,True,False,True,False,AUTOMATIC,CONVEYING,True,False,False,,,1,1,291,0.05
14.55,0.7999999999999997,1.7878373620631606e-05,False,False,False,True,False,True,False,True,False,AUTOMATIC,CONVEYING,True,False,False,,,1,1,292,0.05
14.6,0.7999999999999997,1.3408780215473704e-05,False,False,False,True,False,True,False,True,False,AUTOMATIC,CONVEYING,True,False,False,,,1,1,293,0.05
14.65,0.7999999999999997,1.0056585161605277e-05,False,False,False,True,False,True,False,True,False,AUTOMATIC,CONVEYING,True,False,False,,,1,1,294,0.05
14.7,0.7999999999999997,7.542438871203958e-06,False,False,False,True,False,True,False,True,False,AUTOMATIC,CONVEYING,True,False,False,,,1,1,295,0.05
14.75,0.7999999999999997,5.656829153402968e-06,False,False,False,True,False,True,False,True,False,AUTOMATIC,CONVEYING,True,False,False,,,1,1,296,0.05
14.8,0.7999999999999997,4.242621865052226e-06,False,False,False,True,False,True,False,True,False,AUTOMATIC,CONVEYING,True,False,False,,,1,1,297,0.05
14.85,0.7999999999999997,3.1819663987891697e-06,False,False,False,True,False,True,False,True,False,AUTOMATIC,CONVEYING,True,False,False,,,1,1,298,0.05
14.9,0.7999999999999997,2.3864747990918773e-06,False,False,False,True,False,True,False,True,False,AUTOMATIC,CONVEYING,True,False,False,,,1,1,299,0.05
14.95,0.7999999999999997,1.789856099318908e-06,False,False,False,True,False,True,False,True,False,AUTOMATIC,CONVEYING,True,False,False,,,1,1,300,0.05
15.0,0.7999999999999997,1.342392074489181e-06,False,False,False,True,False,True,False,True,False,AUTOMATIC,CONVEYING,True,False,False,,,1,1,301,0.05
15.05,0.7999999999999997,1.0067940558668857e-06,True,False,False,True,False,True,False,True,False,AUTOMATIC,PRODUCT_DETECTED,True,False,False,,,1,1,302,0.05
15.1,0.7999999999999997,7.550955419001643e-07,True,False,False,True,False,True,False,True,False,AUTOMATIC,PRODUCT_DETECTED,True,False,False,,,1,1,303,0.05
15.15,0.7999999999999997,5.663216564251232e-07,True,False,False,True,False,True,False,True,False,AUTOMATIC,PRODUCT_DETECTED,True,False,False,,,1,1,304,0.05
15.2,0.7999999999999997,4.247412423188424e-07,True,False,False,True,False,True,False,True,False,AUTOMATIC,PRODUCT_DETECTED,True,False,False,,,1,1,305,0.05
15.25,0.7999999999999997,3.185559317391318e-07,True,False,False,True,False,True,False,True,False,AUTOMATIC,PRODUCT_DETECTED,True,False,False,,,1,1,306,0.05
15.3,0.7999999999999997,2.3891694880434886e-07,True,False,False,True,False,True,False,True,False,AUTOMATIC,PRODUCT_DETECTED,True,False,False,,,1,1,307,0.05
15.35,0.7999999999999997,1.7918771160326164e-07,True,False,False,True,False,True,False,True,False,AUTOMATIC,PRODUCT_DETECTED,True,False,False,,,1,1,308,0.05
15.4,0.7999999999999997,1.3439078370244623e-07,True,False,False,True,False,True,False,True,False,AUTOMATIC,PRODUCT_DETECTED,True,False,False,,,1,1,309,0.05
15.45,0.7999999999999997,1.0079308777683467e-07,True,False,False,True,False,True,False,True,False,AUTOMATIC,PRODUCT_DETECTED,True,False,False,,,1,1,310,0.05
15.5,0.7999999999999997,7.5594815832626e-08,False,False,False,True,False,True,False,True,False,AUTOMATIC,PRODUCT_DETECTED,True,False,False,,,1,1,311,0.05
15.55,0.7999999999999997,5.66961118744695e-08,False,False,False,True,False,True,False,True,False,AUTOMATIC,PRODUCT_DETECTED,True,False,False,,,1,1,312,0.05
15.6,0.7999999999999997,4.2522083905852125e-08,False,False,False,True,False,True,False,True,False,AUTOMATIC,PRODUCT_DETECTED,True,False,False,,,1,1,313,0.05
15.65,0.7999999999999997,3.189156292938909e-08,False,False,False,True,False,True,False,True,False,AUTOMATIC,PRODUCT_DETECTED,True,False,False,,,1,1,314,0.05
15.7,0.7999999999999997,2.391867219704182e-08,False,False,False,True,False,True,False,True,False,AUTOMATIC,PRODUCT_DETECTED,True,False,False,,,1,1,315,0.05
15.75,0.7999999999999997,1.7939004147781362e-08,False,False,False,True,False,True,False,True,False,AUTOMATIC,PRODUCT_DETECTED,True,False,False,,,1,1,316,0.05
15.8,0.7999999999999997,1.3454253110836022e-08,False,False,False,True,False,True,False,True,False,AUTOMATIC,PRODUCT_DETECTED,True,False,False,,,1,1,317,0.05
15.85,0.7999999999999997,1.0090689833127016e-08,False,False,False,True,False,True,False,True,False,AUTOMATIC,PRODUCT_DETECTED,True,False,False,,,1,1,318,0.05
15.9,0.7999999999999997,7.568017374845263e-09,False,False,False,True,False,True,False,True,False,AUTOMATIC,PRODUCT_DETECTED,True,False,False,,,1,1,319,0.05
15.95,0.7999999999999997,5.676013031133947e-09,False,False,False,True,False,True,False,True,False,AUTOMATIC,PRODUCT_DETECTED,True,False,False,,,1,1,320,0.05
16.0,0.7999999999999997,4.25700977335046e-09,False,False,False,True,False,True,False,True,False,AUTOMATIC,PRODUCT_DETECTED,True,False,False,,,1,1,321,0.05
16.05,0.7999999999999997,3.1927573300128452e-09,False,False,False,True,False,True,False,True,False,AUTOMATIC,PRODUCT_DETECTED,True,False,False,,,1,1,322,0.05
16.1,0.7999999999999997,2.394567997509634e-09,False,False,False,True,False,True,False,True,False,AUTOMATIC,PRODUCT_DETECTED,True,False,False,,,1,1,323,0.05
16.15,0.7999999999999997,1.7959259981322253e-09,False,False,False,True,False,True,False,True,False,AUTOMATIC,PRODUCT_DETECTED,True,False,False,,,1,1,324,0.05
16.2,0.7999999999999997,1.346944498599169e-09,False,False,False,True,False,True,False,True,False,AUTOMATIC,PRODUCT_DETECTED,True,False,False,,,1,1,325,0.05
16.25,0.7999999999999997,1.0102083739493767e-09,False,False,False,True,False,True,False,True,False,AUTOMATIC,PRODUCT_DETECTED,True,False,False,,,1,1,326,0.05
16.3,0.7999999999999997,7.576562804620325e-10,False,False,False,True,False,True,False,True,False,AUTOMATIC,PRODUCT_DETECTED,True,False,False,,,1,1,327,0.05
16.35,0.7999999999999997,5.682422103465244e-10,False,False,False,True,False,True,False,True,False,AUTOMATIC,PRODUCT_DETECTED,True,False,False,,,1,1,328,0.05
16.4,0.7999999999999997,4.261816577598933e-10,False,False,False,True,False,True,False,True,False,AUTOMATIC,PRODUCT_DETECTED,True,False,False,,,1,1,329,0.05
16.45,0.7999999999999997,3.1963624331991994e-10,False,False,False,True,False,True,False,True,False,AUTOMATIC,PRODUCT_DETECTED,True,False,False,,,1,1,330,0.05
16.5,0.7999999999999997,2.3972718248993995e-10,False,False,False,True,False,True,False,True,False,AUTOMATIC,PRODUCT_DETECTED,True,False,False,,,1,1,331,0.05
16.55,0.7999999999999997,1.7979538686745495e-10,False,False,False,True,False,True,False,True,False,AUTOMATIC,PRODUCT_DETECTED,True,False,False,,,1,1,332,0.05
16.6,0.7999999999999997,1.348465401505912e-10,False,False,False,True,False,True,False,True,False,AUTOMATIC,PRODUCT_DETECTED,True,False,False,,,1,1,333,0.05
16.65,0.7999999999999997,1.011349051129434e-10,False,False,False,True,False,True,False,True,False,AUTOMATIC,PRODUCT_DETECTED,True,False,False,,,1,1,334,0.05
16.7,0.7999999999999997,7.585117883470754e-11,False,False,False,True,False,True,False,True,False,AUTOMATIC,PRODUCT_DETECTED,True,False,False,,,1,1,335,0.05
16.75,0.7999999999999997,5.6888384126030654e-11,False,False,False,True,False,True,False,True,False,AUTOMATIC,PRODUCT_DETECTED,True,False,False,,,1,1,336,0.05
16.8,0.7999999999999997,4.266628809452299e-11,False,False,False,True,False,True,False,True,False,AUTOMATIC,PRODUCT_DETECTED,True,False,False,,,1,1,337,0.05
16.85,0.7999999999999997,3.1999716070892245e-11,False,False,False,True,False,True,False,True,False,AUTOMATIC,PRODUCT_DETECTED,True,False,False,,,1,1,338,0.05
16.9,0.7999999999999997,2.3999787053169184e-11,False,False,False,True,False,True,False,True,False,AUTOMATIC,PRODUCT_DETECTED,True,False,False,,,1,1,339,0.05
16.95,0.7999999999999997,1.7999840289876887e-11,False,False,False,True,False,True,False,True,False,AUTOMATIC,PRODUCT_DETECTED,True,False,False,,,1,1,340,0.05
17.0,0.7999999999999997,1.3499880217407664e-11,False,False,False,True,False,True,False,True,False,AUTOMATIC,PRODUCT_DETECTED,True,False,False,,,1,1,341,0.05
17.05,0.7999999999999997,1.0124910163055749e-11,False,False,False,True,False,True,False,True,False,AUTOMATIC,PRODUCT_DETECTED,True,False,False,,,1,1,342,0.05
17.1,0.7999999999999997,7.593682622291813e-12,False,False,False,True,False,True,False,True,False,AUTOMATIC,PRODUCT_DETECTED,True,False,False,,,1,1,343,0.05
17.15,0.7999999999999997,5.6952619667188595e-12,False,False,False,True,False,True,False,True,False,AUTOMATIC,PRODUCT_DETECTED,True,False,False,,,1,1,344,0.05
17.2,0.7999999999999997,4.271446475039145e-12,False,False,False,True,False,True,False,True,False,AUTOMATIC,PRODUCT_DETECTED,True,False,False,,,1,1,345,0.05
17.25,0.7999999999999997,3.2035848562793586e-12,False,False,False,True,False,True,False,True,False,AUTOMATIC,PRODUCT_DETECTED,True,False,False,,,1,1,346,0.05
17.3,0.7999999999999997,2.402688642209519e-12,False,False,False,True,False,True,False,True,False,AUTOMATIC,PRODUCT_DETECTED,True,False,False,,,1,1,347,0.05
17.35,0.7999999999999997,1.8020164816571393e-12,False,False,False,True,False,True,False,True,False,AUTOMATIC,PRODUCT_DETECTED,True,False,False,,,1,1,348,0.05
17.4,0.7999999999999997,1.3515123612428544e-12,False,False,False,True,False,True,False,True,False,AUTOMATIC,PRODUCT_DETECTED,True,False,False,,,1,1,349,0.05
17.45,0.7999999999999997,1.0136342709321409e-12,False,False,False,True,False,True,False,True,False,AUTOMATIC,PRODUCT_DETECTED,True,False,False,,,1,1,350,0.05
17.5,0.7999999999999997,7.602257031991057e-13,False,False,False,True,False,True,False,True,False,AUTOMATIC,PRODUCT_DETECTED,True,False,False,,,1,1,351,0.05
17.55,0.7999999999999997,5.701692773993292e-13,False,False,False,True,False,True,False,True,False,AUTOMATIC,PRODUCT_DETECTED,True,False,False,,,1,1,352,0.05
17.6,0.7999999999999997,4.276269580494969e-13,False,False,False,True,False,True,False,True,False,AUTOMATIC,PRODUCT_DETECTED,True,False,False,,,1,1,353,0.05
17.65,0.7999999999999997,3.2072021853712266e-13,False,False,False,True,False,True,False,True,False,AUTOMATIC,PRODUCT_DETECTED,True,False,False,,,1,1,354,0.05
17.7,0.7999999999999997,2.4054016390284197e-13,False,False,False,True,False,True,False,True,False,AUTOMATIC,PRODUCT_DETECTED,True,False,False,,,1,1,355,0.05
17.75,0.7999999999999997,1.8040512292713148e-13,False,False,False,True,False,True,False,True,False,AUTOMATIC,PRODUCT_DETECTED,True,False,False,,,1,1,356,0.05
17.8,0.7999999999999997,1.353038421953486e-13,False,False,False,True,False,True,False,True,False,AUTOMATIC,PRODUCT_DETECTED,True,False,False,,,1,1,357,0.05
17.85,0.7999999999999997,1.0147788164651146e-13,False,False,False,True,False,True,False,True,False,AUTOMATIC,PRODUCT_DETECTED,True,False,False,,,1,1,358,0.05
17.9,0.7999999999999997,7.610841123488359e-14,False,False,False,True,False,True,False,True,False,AUTOMATIC,PRODUCT_DETECTED,True,False,False,,,1,1,359,0.05
17.95,0.7999999999999997,5.708130842616269e-14,False,False,False,True,False,True,False,True,False,AUTOMATIC,PRODUCT_DETECTED,True,False,False,,,1,1,360,0.05
18.0,0.7999999999999997,4.281098131962202e-14,False,False,False,True,False,True,False,True,False,AUTOMATIC,PRODUCT_DETECTED,True,False,False,,,1,1,361,0.05
18.05,0.7999999999999997,3.2108235989716514e-14,False,False,False,True,False,True,False,True,False,AUTOMATIC,PRODUCT_DETECTED,True,False,False,,,1,1,362,0.05
18.1,0.7999999999999997,2.4081176992287385e-14,False,False,False,True,False,True,False,True,False,AUTOMATIC,PRODUCT_DETECTED,True,False,False,,,1,1,363,0.05
18.15,0.7999999999999997,1.806088274421554e-14,False,False,False,True,False,True,False,True,False,AUTOMATIC,PRODUCT_DETECTED,True,False,False,,,1,1,364,0.05
18.2,0.7999999999999997,1.3545662058161656e-14,False,False,False,True,False,True,False,True,False,AUTOMATIC,PRODUCT_DETECTED,True,False,False,,,1,1,365,0.05
18.25,0.7999999999999997,1.0159246543621242e-14,False,False,False,True,False,True,False,True,False,AUTOMATIC,PRODUCT_DETECTED,True,False,False,,,1,1,366,0.05
18.3,0.7999999999999997,7.619434907715931e-15,False,False,False,True,False,True,False,True,False,AUTOMATIC,PRODUCT_DETECTED,True,False,False,,,1,1,367,0.05
18.35,0.7999999999999997,5.7145761807869485e-15,False,False,False,True,False,True,False,True,False,AUTOMATIC,PRODUCT_DETECTED,True,False,False,,,1,1,368,0.05
18.4,0.7999999999999997,4.285932135590211e-15,False,False,False,True,False,True,False,True,False,AUTOMATIC,PRODUCT_DETECTED,True,False,False,,,1,1,369,0.05
18.45,0.7999999999999997,3.2144491016926582e-15,False,False,False,True,False,True,False,True,False,AUTOMATIC,PRODUCT_DETECTED,True,False,False,,,1,1,370,0.05
18.5,0.7999999999999997,2.4108368262694935e-15,False,False,False,True,False,True,False,True,False,AUTOMATIC,PRODUCT_DETECTED,True,False,False,,,1,1,371,0.05
18.55,0.7999999999999997,1.80812761970212e-15,False,False,False,True,False,True,False,True,False,AUTOMATIC,PRODUCT_DETECTED,True,False,False,,,1,1,372,0.05
18.6,0.7999999999999997,1.35609571477659e-15,False,False,False,True,False,True,False,True,False,AUTOMATIC,PRODUCT_DETECTED,True,False,False,,,1,1,373,0.05
18.65,0.7999999999999997,1.0170717860824424e-15,False,False,False,True,False,True,False,True,False,AUTOMATIC,PRODUCT_DETECTED,True,False,False,,,1,1,374,0.05
18.7,0.7999999999999997,7.628038395618318e-16,False,False,False,True,False,True,False,True,False,AUTOMATIC,PRODUCT_DETECTED,True,False,False,,,1,1,375,0.05
18.75,0.7999999999999997,5.721028796713739e-16,False,False,False,True,False,True,False,True,False,AUTOMATIC,PRODUCT_DETECTED,True,False,False,,,1,1,376,0.05
18.8,0.7999999999999997,4.2907715975353045e-16,False,False,False,True,False,True,False,True,False,AUTOMATIC,PRODUCT_DETECTED,True,False,False,,,1,1,377,0.05
18.85,0.7999999999999997,3.2180786981514784e-16,False,False,False,True,False,True,False,True,False,AUTOMATIC,PRODUCT_DETECTED,True,False,False,,,1,1,378,0.05
18.9,0.7999999999999997,2.413559023613609e-16,False,False,False,True,False,True,False,True,False,AUTOMATIC,PRODUCT_DETECTED,True,False,False,,,1,1,379,0.05
18.95,0.7999999999999997,1.8101692677102068e-16,False,False,False,True,False,True,False,True,False,AUTOMATIC,PRODUCT_DETECTED,True,False,False,,,1,1,380,0.05
19.0,0.7999999999999997,1.3576269507826552e-16,False,False,False,True,False,True,False,True,False,AUTOMATIC,PRODUCT_DETECTED,True,False,False,,,1,1,381,0.05
19.05,0.7999999999999997,1.0182202130869914e-16,False,False,False,True,False,True,False,True,False,AUTOMATIC,PRODUCT_DETECTED,True,False,False,,,1,1,382,0.05
19.1,0.7999999999999997,7.636651598152436e-17,False,False,False,True,False,True,False,True,False,AUTOMATIC,PRODUCT_DETECTED,True,False,False,,,1,1,383,0.05
19.15,0.7999999999999997,5.727488698614328e-17,False,False,False,True,False,True,False,True,False,AUTOMATIC,PRODUCT_DETECTED,True,False,False,,,1,1,384,0.05
19.2,0.7999999999999997,4.295616523960746e-17,False,False,False,True,False,True,False,True,False,AUTOMATIC,PRODUCT_DETECTED,True,False,False,,,1,1,385,0.05
19.25,0.7999999999999997,3.221712392970559e-17,False,False,False,True,False,True,False,True,False,AUTOMATIC,PRODUCT_DETECTED,True,False,False,,,1,1,386,0.05
19.3,0.7999999999999997,2.4162842947279194e-17,False,False,False,True,False,True,False,True,False,AUTOMATIC,PRODUCT_DETECTED,True,False,False,,,1,1,387,0.05
19.35,0.7999999999999997,1.8122132210459396e-17,False,False,False,True,False,True,False,True,False,AUTOMATIC,PRODUCT_DETECTED,True,False,False,,,1,1,388,0.05
19.4,0.7999999999999997,1.3591599157844547e-17,False,False,False,True,False,True,False,True,False,AUTOMATIC,PRODUCT_DETECTED,True,False,False,,,1,1,389,0.05
19.45,0.7999999999999997,1.0193699368383409e-17,False,False,False,True,False,True,False,True,False,AUTOMATIC,PRODUCT_DETECTED,True,False,False,,,1,1,390,0.05
19.5,0.7999999999999997,7.645274526287557e-18,False,False,False,True,False,True,False,True,False,AUTOMATIC,PRODUCT_DETECTED,True,False,False,,,1,1,391,0.05
19.55,0.7999999999999997,5.733955894715667e-18,False,False,False,True,False,True,False,True,False,AUTOMATIC,PRODUCT_DETECTED,True,False,False,,,1,1,392,0.05
19.6,0.7999999999999997,4.30046692103675e-18,False,False,False,True,False,True,False,True,False,AUTOMATIC,PRODUCT_DETECTED,True,False,False,,,1,1,393,0.05
19.65,0.7999999999999997,3.2253501907775624e-18,False,False,False,True,False,True,False,True,False,AUTOMATIC,PRODUCT_DETECTED,True,False,False,,,1,1,394,0.05
19.7,0.7999999999999997,2.419012643083172e-18,False,False,False,True,False,True,False,True,False,AUTOMATIC,PRODUCT_DETECTED,True,False,False,,,1,1,395,0.05
19.75,0.7999999999999997,1.814259482312379e-18,False,False,False,True,False,True,False,True,False,AUTOMATIC,PRODUCT_DETECTED,True,False,False,,,1,1,396,0.05
19.8,0.7999999999999997,1.3606946117342842e-18,False,False,False,True,False,True,False,True,False,AUTOMATIC,PRODUCT_DETECTED,True,False,False,,,1,1,397,0.05
19.85,0.7999999999999997,1.0205209588007131e-18,False,False,False,True,False,True,False,True,False,AUTOMATIC,PRODUCT_DETECTED,True,False,False,,,1,1,398,0.05
19.9,0.7999999999999997,7.653907191005349e-19,False,False,False,True,False,True,False,True,False,AUTOMATIC,PRODUCT_DETECTED,True,False,False,,,1,1,399,0.05
19.95,0.7999999999999997,5.740430393254012e-19,False,False,False,True,False,True,False,True,False,AUTOMATIC,PRODUCT_DETECTED,True,False,False,,,1,1,400,0.05
20.0,0.7999999999999997,4.3053227949405088e-19,False,False,False,True,False,True,False,True,False,AUTOMATIC,PRODUCT_DETECTED,True,False,False,,,1,1,401,0.05
20.05,0.7999999999999997,3.2289920962053814e-19,False,False,False,True,False,True,False,True,False,AUTOMATIC,PRODUCT_DETECTED,True,False,False,,,1,1,402,0.05
20.1,0.7999999999999997,2.421744072154036e-19,False,False,False,True,False,True,False,True,False,AUTOMATIC,PRODUCT_DETECTED,True,False,False,,,1,1,403,0.05
20.15,0.7999999999999997,1.8163080541155272e-19,False,False,False,True,False,True,False,True,False,AUTOMATIC,PRODUCT_DETECTED,True,False,False,,,1,1,404,0.05
20.2,0.7999999999999997,1.3622310405866453e-19,False,False,False,True,False,True,False,True,False,AUTOMATIC,PRODUCT_DETECTED,True,False,False,,,1,1,405,0.05
20.25,0.7999999999999997,1.0216732804399841e-19,False,False,False,True,False,True,False,True,False,AUTOMATIC,PRODUCT_DETECTED,True,False,False,,,1,1,406,0.05
20.3,0.7999999999999997,7.662549603299881e-20,False,False,False,True,False,True,False,True,False,AUTOMATIC,PRODUCT_DETECTED,True,False,False,,,1,1,407,0.05
20.35,0.7999999999999997,5.746912202474911e-20,False,False,False,True,False,True,False,True,False,AUTOMATIC,PRODUCT_DETECTED,True,False,False,,,1,1,408,0.05
20.4,0.7999999999999997,4.3101841518561836e-20,False,False,False,True,False,True,False,True,False,AUTOMATIC,PRODUCT_DETECTED,True,False,False,,,1,1,409,0.05
20.45,0.7999999999999997,3.2326381138921377e-20,False,False,False,True,False,True,False,True,False,AUTOMATIC,PRODUCT_DETECTED,True,False,False,,,1,1,410,0.05
20.5,0.7999999999999997,2.424478585419103e-20,False,False,False,True,False,True,False,True,False,AUTOMATIC,PRODUCT_DETECTED,True,False,False,,,1,1,411,0.05
20.55,0.7999999999999997,1.8183589390643272e-20,False,False,False,True,False,True,False,True,False,AUTOMATIC,PRODUCT_DETECTED,True,False,False,,,1,1,412,0.05
20.6,0.7999999999999997,1.3637692042982455e-20,False,False,False,True,False,True,False,True,False,AUTOMATIC,PRODUCT_DETECTED,True,False,False,,,1,1,413,0.05
20.65,0.7999999999999997,1.0228269032236842e-20,False,False,False,True,False,True,False,True,False,AUTOMATIC,PRODUCT_DETECTED,True,False,False,,,1,1,414,0.05
20.7,0.7999999999999997,7.671201774177632e-21,False,False,False,True,False,True,False,True,False,AUTOMATIC,PRODUCT_DETECTED,True,False,False,,,1,1,415,0.05
20.75,0.7999999999999997,5.753401330633224e-21,False,False,False,True,False,True,False,True,False,AUTOMATIC,PRODUCT_DETECTED,True,False,False,,,1,1,416,0.05
20.8,0.7999999999999997,4.315050997974918e-21,False,False,False,True,False,True,False,True,False,AUTOMATIC,PRODUCT_DETECTED,True,False,False,,,1,1,417,0.05
20.85,0.7999999999999997,3.2362882484811885e-21,False,False,False,True,False,True,False,True,False,AUTOMATIC,PRODUCT_DETECTED,True,False,False,,,1,1,418,0.05
20.9,0.7999999999999997,2.4272161863608914e-21,False,False,False,True,False,True,False,True,False,AUTOMATIC,PRODUCT_DETECTED,True,False,False,,,1,1,419,0.05
20.95,0.7999999999999997,1.8204121397706686e-21,False,False,False,True,False,True,False,True,False,AUTOMATIC,PRODUCT_DETECTED,True,False,False,,,1,1,420,0.05
21.0,0.7999999999999997,1.3653091048280015e-21,False,False,False,True,False,True,False,True,False,AUTOMATIC,PRODUCT_DETECTED,True,False,False,,,1,1,421,0.05
21.05,0.7999999999999997,1.0239818286210011e-21,False,False,False,True,False,True,False,True,False,AUTOMATIC,PRODUCT_DETECTED,True,False,False,,,1,1,422,0.05
21.1,0.7999999999999997,7.679863714657508e-22,False,False,False,True,False,True,False,True,False,AUTOMATIC,PRODUCT_DETECTED,True,False,False,,,1,1,423,0.05
21.15,0.7999999999999997,5.759897785993131e-22,False,False,False,True,False,True,False,True,False,AUTOMATIC,PRODUCT_DETECTED,True,False,False,,,1,1,424,0.05
21.2,0.7999999999999997,4.319923339494848e-22,False,False,False,True,False,True,False,True,False,AUTOMATIC,PRODUCT_DETECTED,True,False,False,,,1,1,425,0.05
21.25,0.7999999999999997,3.239942504621136e-22,False,False,False,True,False,True,False,True,False,AUTOMATIC,PRODUCT_DETECTED,True,False,False,,,1,1,426,0.05
21.3,0.7999999999999997,2.429956878465852e-22,False,False,False,True,False,True,False,True,False,AUTOMATIC,PRODUCT_DETECTED,True,False,False,,,1,1,427,0.05
21.35,0.7999999999999997,1.822467658849389e-22,False,False,False,True,False,True,False,True,False,AUTOMATIC,PRODUCT_DETECTED,True,False,False,,,1,1,428,0.05
21.4,0.7999999999999997,1.3668507441370418e-22,False,False,False,True,False,True,False,True,False,AUTOMATIC,PRODUCT_DETECTED,True,False,False,,,1,1,429,0.05
21.45,0.7999999999999997,1.0251380581027813e-22,False,False,False,True,False,True,False,True,False,AUTOMATIC,PRODUCT_DETECTED,True,False,False,,,1,1,430,0.05
21.5,0.7999999999999997,7.68853543577086e-23,False,False,False,True,False,True,False,True,False,AUTOMATIC,PRODUCT_DETECTED,True,False,False,,,1,1,431,0.05
21.55,0.7999999999999997,5.766401576828145e-23,False,False,False,True,False,True,False,True,False,AUTOMATIC,PRODUCT_DETECTED,True,False,False,,,1,1,432,0.05
21.6,0.7999999999999997,4.3248011826211084e-23,False,False,False,True,False,True,False,True,False,AUTOMATIC,PRODUCT_DETECTED,True,False,False,,,1,1,433,0.05
21.65,0.7999999999999997,3.243600886965831e-23,False,False,False,True,False,True,False,True,False,AUTOMATIC,PRODUCT_DETECTED,True,False,False,,,1,1,434,0.05
21.7,0.7999999999999997,2.4327006652243734e-23,False,False,False,True,False,True,False,True,False,AUTOMATIC,PRODUCT_DETECTED,True,False,False,,,1,1,435,0.05
21.75,0.7999999999999997,1.82452549891828e-23,False,False,False,True,False,True,False,True,False,AUTOMATIC,PRODUCT_DETECTED,True,False,False,,,1,1,436,0.05
21.8,0.7999999999999997,1.36839412418871e-23,False,False,False,True,False,True,False,True,False,AUTOMATIC,PRODUCT_DETECTED,True,False,False,,,1,1,437,0.05
21.85,0.7999999999999997,1.0262955931415327e-23,False,False,False,True,False,True,False,True,False,AUTOMATIC,PRODUCT_DETECTED,True,False,False,,,1,1,438,0.05
21.9,0.7999999999999997,7.697216948561495e-24,False,False,False,True,False,True,False,True,False,AUTOMATIC,PRODUCT_DETECTED,True,False,False,,,1,1,439,0.05
21.95,0.7999999999999997,5.772912711421121e-24,False,False,False,True,False,True,False,True,False,AUTOMATIC,PRODUCT_DETECTED,True,False,False,,,1,1,440,0.05
22.0,0.7999999999999997,4.329684533565841e-24,False,True,False,True,False,True,False,True,False,AUTOMATIC,POSITIONING,True,False,False,,,1,1,441,0.05
22.05,0.7999999999999997,3.2472634001743804e-24,False,True,False,True,False,True,False,True,False,AUTOMATIC,POSITIONING,True,False,False,,,1,1,442,0.05
22.1,0.7999999999999997,2.435447550130785e-24,False,True,False,True,False,True,False,True,False,AUTOMATIC,POSITIONING,True,False,False,,,1,1,443,0.05
22.15,0.7999999999999997,1.826585662598089e-24,False,True,False,True,False,True,False,True,False,AUTOMATIC,POSITIONING,True,False,False,,,1,1,444,0.05
22.2,0.7999999999999997,1.3699392469485665e-24,False,True,False,True,False,True,False,True,False,AUTOMATIC,POSITIONING,True,False,False,,,1,1,445,0.05
22.25,0.7999999999999997,1.027454435211425e-24,False,True,False,True,False,True,False,True,False,AUTOMATIC,POSITIONING,True,False,False,,,1,1,446,0.05
22.3,0.7999999999999997,7.705908264085686e-25,False,True,False,True,False,True,False,True,False,AUTOMATIC,POSITIONING,True,False,False,,,1,1,447,0.05
22.35,0.7999999999999997,5.779431198064265e-25,False,True,False,True,False,True,False,True,False,AUTOMATIC,POSITIONING,True,False,False,,,1,1,448,0.05
22.4,0.7999999999999997,4.334573398548199e-25,False,True,False,True,False,True,False,True,False,AUTOMATIC,POSITIONING,True,False,False,,,1,1,449,0.05
22.45,0.7999999999999997,3.2509300489111493e-25,False,True,False,True,False,True,False,True,False,AUTOMATIC,POSITIONING,True,False,False,,,1,1,450,0.05
22.5,0.7999999999999997,2.438197536683362e-25,False,True,False,True,False,True,False,True,False,AUTOMATIC,POSITIONING,True,False,False,,,1,1,451,0.05
22.55,0.7999999999999997,1.8286481525125214e-25,False,False,False,True,False,True,False,True,False,AUTOMATIC,POSITIONING,True,False,False,,,1,1,452,0.05
22.6,0.7999999999999997,1.371486114384391e-25,False,False,False,True,False,True,False,True,False,AUTOMATIC,POSITIONING,True,False,False,,,1,1,453,0.05
22.65,0.7999999999999997,1.0286145857882931e-25,False,False,False,True,False,True,False,True,False,AUTOMATIC,POSITIONING,True,False,False,,,1,1,454,0.05
22.7,0.7999999999999997,7.714609393412198e-26,False,False,False,True,False,True,False,True,False,AUTOMATIC,POSITIONING,True,False,False,,,1,1,455,0.05
22.75,0.7999999999999997,5.785957045059149e-26,False,False,False,True,False,True,False,True,False,AUTOMATIC,POSITIONING,True,False,False,,,1,1,456,0.05
22.8,0.7999999999999997,4.339467783794362e-26,False,False,False,True,False,True,False,True,False,AUTOMATIC,POSITIONING,True,False,False,,,1,1,457,0.05
22.85,0.7999999999999997,3.2546008378457714e-26,False,False,False,True,False,True,False,True,False,AUTOMATIC,POSITIONING,True,False,False,,,1,1,458,0.05
22.9,0.7999999999999997,2.4409506283843285e-26,False,False,False,True,False,True,False,True,False,AUTOMATIC,POSITIONING,True,False,False,,,1,1,459,0.05
22.95,0.7999999999999997,1.8307129712882463e-26,False,False,False,True,False,True,False,True,False,AUTOMATIC,POSITIONING,True,False,False,,,1,1,460,0.05
23.0,0.7999999999999997,1.3730347284661847e-26,False,False,False,True,False,True,False,True,False,AUTOMATIC,POSITIONING,True,False,False,,,1,1,461,0.05
23.05,0.7999999999999997,1.0297760463496385e-26,False,False,False,True,False,True,False,True,False,AUTOMATIC,POSITIONING,True,False,False,,,1,1,462,0.05
23.1,0.7999999999999997,7.723320347622289e-27,False,False,False,True,False,True,False,True,False,AUTOMATIC,POSITIONING,True,False,False,,,1,1,463,0.05
23.15,0.7999999999999997,5.7924902607167165e-27,False,False,False,True,False,True,False,True,False,AUTOMATIC,POSITIONING,True,False,False,,,1,1,464,0.05
23.2,0.7999999999999997,4.3443676955375375e-27,False,False,False,True,False,True,False,True,False,AUTOMATIC,POSITIONING,True,False,False,,,1,1,465,0.05
23.25,0.7999999999999997,3.258275771653153e-27,False,False,False,True,False,True,False,True,False,AUTOMATIC,POSITIONING,True,False,False,,,1,1,466,0.05
23.3,0.7999999999999997,2.443706828739865e-27,False,False,False,True,False,True,False,True,False,AUTOMATIC,POSITIONING,True,False,False,,,1,1,467,0.05
23.35,0.7999999999999997,1.8327801215548986e-27,False,False,False,True,False,True,False,True,False,AUTOMATIC,POSITIONING,True,False,False,,,1,1,468,0.05
23.4,0.7999999999999997,1.374585091166174e-27,False,False,False,True,False,True,False,True,False,AUTOMATIC,POSITIONING,True,False,False,,,1,1,469,0.05
23.45,0.7999999999999997,1.0309388183746304e-27,False,False,False,True,False,True,False,True,False,AUTOMATIC,POSITIONING,True,False,False,,,1,1,470,0.05
23.5,0.7999999999999997,7.732041137809728e-28,False,False,False,True,False,True,False,True,False,AUTOMATIC,POSITIONING,True,False,False,,,1,1,471,0.05
23.55,0.7999999999999997,5.799030853357296e-28,False,False,False,True,False,True,False,True,False,AUTOMATIC,POSITIONING,True,False,False,,,1,1,472,0.05
23.6,0.7999999999999997,4.349273140017972e-28,False,False,False,True,False,True,False,True,False,AUTOMATIC,POSITIONING,True,False,False,,,1,1,473,0.05
23.65,0.7999999999999997,3.261954855013479e-28,False,False,False,True,False,True,False,True,False,AUTOMATIC,POSITIONING,True,False,False,,,1,1,474,0.05
23.7,0.7999999999999997,2.446466141260109e-28,False,False,False,True,False,True,False,True,False,AUTOMATIC,POSITIONING,True,False,False,,,1,1,475,0.05
23.75,0.7999999999999997,1.8348496059450819e-28,False,False,False,True,False,True,False,True,False,AUTOMATIC,POSITIONING,True,False,False,,,1,1,476,0.05
23.8,0.7999999999999997,1.3761372044588113e-28,False,False,False,True,False,True,False,True,False,AUTOMATIC,POSITIONING,True,False,False,,,1,1,477,0.05
23.85,0.7999999999999997,1.0321029033441083e-28,False,False,False,True,False,True,False,True,False,AUTOMATIC,POSITIONING,True,False,False,,,1,1,478,0.05
23.9,0.7999999999999997,7.740771775080813e-29,False,False,False,True,False,True,False,True,False,AUTOMATIC,POSITIONING,True,False,False,,,1,1,479,0.05
23.95,0.7999999999999997,5.80557883131061e-29,False,False,False,True,False,True,False,True,False,AUTOMATIC,POSITIONING,True,False,False,,,1,1,480,0.05
24.0,0.7999999999999997,4.354184123482957e-29,False,False,False,True,False,True,False,True,False,AUTOMATIC,POSITIONING,True,False,False,,,1,1,481,0.05
24.05,0.7999999999999997,3.265638092612218e-29,False,False,False,True,False,True,False,True,False,AUTOMATIC,POSITIONING,True,False,False,,,1,1,482,0.05
24.1,0.7999999999999997,2.4492285694591636e-29,False,False,False,True,False,True,False,True,False,AUTOMATIC,POSITIONING,True,False,False,,,1,1,483,0.05
24.15,0.7999999999999997,1.8369214270943726e-29,False,False,False,True,False,True,False,True,False,AUTOMATIC,POSITIONING,True,False,False,,,1,1,484,0.05
24.2,0.7999999999999997,1.3776910703207795e-29,False,False,False,True,False,True,False,True,False,AUTOMATIC,POSITIONING,True,False,False,,,1,1,485,0.05
24.25,0.7999999999999997,1.0332683027405846e-29,False,False,False,True,False,True,False,True,False,AUTOMATIC,POSITIONING,True,False,False,,,1,1,486,0.05
24.3,0.7999999999999997,7.749512270554385e-30,False,False,False,True,False,True,False,True,False,AUTOMATIC,POSITIONING,True,False,False,,,1,1,487,0.05
24.35,0.7999999999999997,5.812134202915788e-30,False,False,False,True,False,True,False,True,False,AUTOMATIC,POSITIONING,True,False,False,,,1,1,488,0.05
24.4,0.7999999999999997,4.359100652186841e-30,False,False,False,True,False,True,False,True,False,AUTOMATIC,POSITIONING,True,False,False,,,1,1,489,0.05
24.45,0.7999999999999997,3.269325489140131e-30,False,False,False,True,False,True,False,True,False,AUTOMATIC,POSITIONING,True,False,False,,,1,1,490,0.05
24.5,0.7999999999999997,2.4519941168550984e-30,False,False,False,True,False,True,False,True,False,AUTOMATIC,POSITIONING,True,False,False,,,1,1,491,0.05
24.55,0.7999999999999997,1.8389955876413236e-30,False,False,False,True,False,True,False,True,False,AUTOMATIC,POSITIONING,True,False,False,,,1,1,492,0.05
24.6,0.7999999999999997,1.3792466907309927e-30,False,False,False,True,False,True,False,True,False,AUTOMATIC,POSITIONING,True,False,False,,,1,1,493,0.05
24.65,0.7999999999999997,1.0344350180482445e-30,False,False,False,True,False,True,False,True,False,AUTOMATIC,POSITIONING,True,False,False,,,1,1,494,0.05
24.7,0.7999999999999997,7.758262635361834e-31,False,False,False,True,False,True,False,True,False,AUTOMATIC,POSITIONING,True,False,False,,,1,1,495,0.05
24.75,0.7999999999999997,5.818696976521375e-31,False,False,False,True,False,True,False,True,False,AUTOMATIC,POSITIONING,True,False,False,,,1,1,496,0.05
24.8,0.7999999999999997,4.364022732391031e-31,False,False,False,True,False,True,False,True,False,AUTOMATIC,POSITIONING,True,False,False,,,1,1,497,0.05
24.85,0.7999999999999997,3.273017049293273e-31,False,False,False,True,False,True,False,True,False,AUTOMATIC,POSITIONING,True,False,False,,,1,1,498,0.05
24.9,0.7999999999999997,2.454762786969955e-31,False,False,False,True,False,True,False,True,False,AUTOMATIC,POSITIONING,True,False,False,,,1,1,499,0.05
24.95,0.7999999999999997,1.8410720902274663e-31,False,False,False,True,False,True,False,True,False,AUTOMATIC,POSITIONING,True,False,False,,,1,1,500,0.05
25.0,0.7999999999999997,1.3808040676705997e-31,False,False,False,True,False,True,False,True,False,AUTOMATIC,POSITIONING,True,False,False,,,1,1,501,0.05
25.05,0.7999999999999997,1.0356030507529498e-31,False,False,False,True,False,True,False,True,False,AUTOMATIC,POSITIONING,True,False,False,,,1,1,502,0.05
25.1,0.7999999999999997,7.767022880647123e-32,False,False,False,True,False,True,False,True,False,AUTOMATIC,POSITIONING,True,False,False,,,1,1,503,0.05
25.15,0.7999999999999997,5.825267160485342e-32,False,False,False,True,False,True,False,True,False,AUTOMATIC,POSITIONING,True,False,False,,,1,1,504,0.05
25.2,0.7999999999999997,4.3689503703640066e-32,False,False,False,True,False,True,False,True,False,AUTOMATIC,POSITIONING,True,False,False,,,1,1,505,0.05
25.25,0.7999999999999997,3.276712777773005e-32,False,False,False,True,False,True,False,True,False,AUTOMATIC,POSITIONING,True,False,False,,,1,1,506,0.05
25.3,0.7999999999999997,2.4575345833297536e-32,False,False,False,True,False,True,False,True,False,AUTOMATIC,POSITIONING,True,False,False,,,1,1,507,0.05
25.35,0.7999999999999997,1.8431509374973152e-32,False,False,False,True,False,True,False,True,False,AUTOMATIC,POSITIONING,True,False,False,,,1,1,508,0.05
25.4,0.7999999999999997,1.3823632031229863e-32,False,False,False,True,False,True,False,True,False,AUTOMATIC,POSITIONING,True,False,False,,,1,1,509,0.05
25.45,0.7999999999999997,1.0367724023422397e-32,False,False,False,True,False,True,False,True,False,AUTOMATIC,POSITIONING,True,False,False,,,1,1,510,0.05
25.5,0.7999999999999997,7.775793017566798e-33,False,False,False,True,False,True,False,True,False,AUTOMATIC,POSITIONING,True,False,False,,,1,1,511,0.05
25.55,0.7999999999999997,5.831844763175099e-33,False,False,False,True,False,True,False,True,False,AUTOMATIC,POSITIONING,True,False,False,,,1,1,512,0.05
25.6,0.7999999999999997,4.373883572381324e-33,False,False,False,True,False,True,False,True,False,AUTOMATIC,POSITIONING,True,False,False,,,1,1,513,0.05
25.65,0.7999999999999997,3.280412679285993e-33,False,False,False,True,False,True,False,True,False,AUTOMATIC,POSITIONING,True,False,False,,,1,1,514,0.05
25.7,0.7999999999999997,2.460309509464495e-33,False,False,False,True,False,True,False,True,False,AUTOMATIC,POSITIONING,True,False,False,,,1,1,515,0.05
25.75,0.7999999999999997,1.8452321320983712e-33,False,False,False,True,False,True,False,True,False,AUTOMATIC,POSITIONING,True,False,False,,,1,1,516,0.05
25.8,0.7999999999999997,1.3839240990737785e-33,False,False,False,True,False,True,False,True,False,AUTOMATIC,POSITIONING,True,False,False,,,1,1,517,0.05
25.85,0.7999999999999997,1.0379430743053339e-33,False,False,False,True,False,True,False,True,False,AUTOMATIC,POSITIONING,True,False,False,,,1,1,518,0.05
25.9,0.7999999999999997,7.784573057290005e-34,False,False,False,True,False,True,False,True,False,AUTOMATIC,POSITIONING,True,False,False,,,1,1,519,0.05
25.95,0.7999999999999997,5.838429792967504e-34,False,False,False,True,False,True,False,True,False,AUTOMATIC,POSITIONING,True,False,False,,,1,1,520,0.05
26.0,0.7999999999999997,4.378822344725628e-34,False,False,False,True,False,True,False,True,False,AUTOMATIC,POSITIONING,True,False,False,,,1,1,521,0.05
26.05,0.7999999999999997,3.284116758544221e-34,False,False,False,True,False,True,False,True,False,AUTOMATIC,POSITIONING,True,False,False,,,1,1,522,0.05
26.1,0.7999999999999997,2.463087568908166e-34,False,False,False,True,False,True,False,True,False,AUTOMATIC,POSITIONING,True,False,False,,,1,1,523,0.05
26.15,0.7999999999999997,1.8473156766811244e-34,False,False,False,True,False,True,False,True,False,AUTOMATIC,POSITIONING,True,False,False,,,1,1,524,0.05
26.2,0.7999999999999997,1.3854867575108434e-34,False,False,False,True,False,True,False,True,False,AUTOMATIC,POSITIONING,True,False,False,,,1,1,525,0.05
26.25,0.7999999999999997,1.0391150681331325e-34,False,False,False,True,False,True,False,True,False,AUTOMATIC,POSITIONING,True,False,False,,,1,1,526,0.05
26.3,0.7999999999999997,7.793363010998493e-35,False,False,False,True,False,True,False,True,False,AUTOMATIC,POSITIONING,True,False,False,,,1,1,527,0.05
26.35,0.7999999999999997,5.84502225824887e-35,False,False,False,True,False,True,False,True,False,AUTOMATIC,POSITIONING,True,False,False,,,1,1,528,0.05
26.4,0.7999999999999997,4.383766693686653e-35,False,False,False,True,False,True,False,True,False,AUTOMATIC,POSITIONING,True,False,False,,,1,1,529,0.05
26.45,0.7999999999999997,3.2878250202649896e-35,False,False,False,True,False,True,False,True,False,AUTOMATIC,POSITIONING,True,False,False,,,1,1,530,0.05
26.5,0.7999999999999997,2.4658687651987424e-35,False,False,False,True,False,True,False,True,False,AUTOMATIC,POSITIONING,True,False,False,,,1,1,531,0.05
26.55,0.7999999999999997,1.8494015738990568e-35,False,False,False,True,False,True,False,True,False,AUTOMATIC,POSITIONING,True,False,False,,,1,1,532,0.05
26.6,0.7999999999999997,1.3870511804242926e-35,False,False,False,True,False,True,False,True,False,AUTOMATIC,POSITIONING,True,False,False,,,1,1,533,0.05
26.65,0.7999999999999997,1.0402883853182194e-35,False,False,False,True,False,True,False,True,False,AUTOMATIC,POSITIONING,True,False,False,,,1,1,534,0.05
26.7,0.7999999999999997,7.802162889886646e-36,False,False,True,True,False,True,False,True,False,AUTOMATIC,PRODUCT_EXIT,True,False,False,,,2,2,535,0.05
26.75,0.7999999999999997,5.8516221674149844e-36,False,False,True,True,False,True,False,True,False,AUTOMATIC,PRODUCT_EXIT,True,False,False,,,2,2,536,0.05
26.8,0.7999999999999997,4.3887166255612386e-36,False,False,True,True,False,True,False,True,False,AUTOMATIC,PRODUCT_EXIT,True,False,False,,,2,2,537,0.05
26.85,0.7999999999999997,3.291537469170929e-36,False,False,True,True,False,True,False,True,False,AUTOMATIC,PRODUCT_EXIT,True,False,False,,,2,2,538,0.05
26.9,0.7999999999999997,2.468653101878197e-36,False,False,False,True,False,True,False,True,False,AUTOMATIC,CONVEYING,True,False,False,,,2,2,539,0.05
26.95,0.7999999999999997,1.851489826408648e-36,False,False,False,True,False,True,False,True,False,AUTOMATIC,CONVEYING,True,False,False,,,2,2,540,0.05
27.0,0.7999999999999997,1.3886173698064859e-36,False,False,False,True,False,True,False,True,False,AUTOMATIC,CONVEYING,True,False,False,,,2,2,541,0.05
27.05,0.7999999999999997,1.0414630273548645e-36,False,False,False,True,False,True,False,True,False,AUTOMATIC,CONVEYING,True,False,False,,,2,2,542,0.05
27.1,0.7999999999999997,7.810972705161484e-37,False,False,False,True,False,True,False,True,False,AUTOMATIC,CONVEYING,True,False,False,,,2,2,543,0.05
27.15,0.7999999999999997,5.858229528871113e-37,False,False,False,True,False,True,False,True,False,AUTOMATIC,CONVEYING,True,False,False,,,2,2,544,0.05
27.2,0.7999999999999997,4.393672146653335e-37,False,False,False,True,False,True,False,True,False,AUTOMATIC,CONVEYING,True,False,False,,,2,2,545,0.05
27.25,0.7999999999999997,3.295254109990001e-37,False,False,False,True,False,True,False,True,False,AUTOMATIC,CONVEYING,True,False,False,,,2,2,546,0.05
27.3,0.7999999999999997,2.4714405824925005e-37,False,False,False,True,False,True,False,True,False,AUTOMATIC,CONVEYING,True,False,False,,,2,2,547,0.05
27.35,0.7999999999999997,1.8535804368693753e-37,False,False,False,True,False,True,False,True,False,AUTOMATIC,CONVEYING,True,False,False,,,2,2,548,0.05
27.4,0.7999999999999997,1.3901853276520315e-37,False,False,False,True,False,True,False,True,False,AUTOMATIC,CONVEYING,True,False,False,,,2,2,549,0.05
27.45,0.7999999999999997,1.0426389957390235e-37,False,False,False,True,False,True,False,True,False,AUTOMATIC,CONVEYING,True,False,False,,,2,2,550,0.05
27.5,0.7999999999999997,7.819792468042677e-38,False,False,False,True,False,True,False,True,False,AUTOMATIC,CONVEYING,True,False,False,,,2,2,551,0.05
27.55,0.7999999999999997,5.864844351032008e-38,False,False,False,True,False,True,False,True,False,AUTOMATIC,CONVEYING,True,False,False,,,2,2,552,0.05
27.6,0.7999999999999997,4.398633263274006e-38,False,False,False,True,False,True,False,True,False,AUTOMATIC,CONVEYING,True,False,False,,,2,2,553,0.05
27.65,0.7999999999999997,3.298974947455504e-38,False,False,False,True,False,True,False,True,False,AUTOMATIC,CONVEYING,True,False,False,,,2,2,554,0.05
27.7,0.7999999999999997,2.474231210591628e-38,False,False,False,True,False,True,False,True,False,AUTOMATIC,CONVEYING,True,False,False,,,2,2,555,0.05
27.75,0.7999999999999997,1.855673407943721e-38,False,False,False,True,False,True,False,True,False,AUTOMATIC,CONVEYING,True,False,False,,,2,2,556,0.05
27.8,0.7999999999999997,1.3917550559577908e-38,False,False,False,True,False,True,False,True,False,AUTOMATIC,CONVEYING,True,False,False,,,2,2,557,0.05
27.85,0.7999999999999997,1.043816291968343e-38,False,False,False,True,False,True,False,True,False,AUTOMATIC,CONVEYING,True,False,False,,,2,2,558,0.05
27.9,0.7999999999999997,7.828622189762572e-39,False,False,False,True,False,True,False,True,False,AUTOMATIC,CONVEYING,True,False,False,,,2,2,559,0.05
27.95,0.7999999999999997,5.871466642321929e-39,False,False,False,True,False,True,False,True,False,AUTOMATIC,CONVEYING,True,False,False,,,2,2,560,0.05
28.0,0.7999999999999997,4.403599981741446e-39,False,False,False,True,False,True,False,True,False,AUTOMATIC,CONVEYING,True,False,False,,,2,2,561,0.05
28.05,0.7999999999999997,3.302699986306085e-39,False,False,False,True,False,True,False,True,False,AUTOMATIC,CONVEYING,True,False,False,,,2,2,562,0.05
28.1,0.7999999999999997,2.4770249897295634e-39,False,False,False,True,False,True,False,True,False,AUTOMATIC,CONVEYING,True,False,False,,,2,2,563,0.05
28.15,0.7999999999999997,1.8577687422971725e-39,False,False,False,True,False,True,False,True,False,AUTOMATIC,CONVEYING,True,False,False,,,2,2,564,0.05
28.2,0.7999999999999997,1.3933265567228793e-39,False,False,False,True,False,True,False,True,False,AUTOMATIC,CONVEYING,True,False,False,,,2,2,565,0.05
28.25,0.7999999999999997,1.0449949175421594e-39,False,False,False,True,False,True,False,True,False,AUTOMATIC,CONVEYING,True,False,False,,,2,2,566,0.05
28.3,0.7999999999999997,7.837461881566196e-40,False,False,False,True,False,True,False,True,False,AUTOMATIC,CONVEYING,True,False,False,,,2,2,567,0.05
28.35,0.7999999999999997,5.878096411174647e-40,False,False,False,True,False,True,False,True,False,AUTOMATIC,CONVEYING,True,False,False,,,2,2,568,0.05
28.4,0.7999999999999997,4.408572308380986e-40,False,False,False,True,False,True,False,True,False,AUTOMATIC,CONVEYING,True,False,False,,,2,2,569,0.05
28.45,0.7999999999999997,3.306429231285739e-40,False,False,False,True,False,True,False,True,False,AUTOMATIC,CONVEYING,True,False,False,,,2,2,570,0.05
28.5,0.7999999999999997,2.479821923464304e-40,False,False,False,True,False,True,False,True,False,AUTOMATIC,CONVEYING,True,False,False,,,2,2,571,0.05
28.55,0.7999999999999997,1.859866442598228e-40,False,False,False,True,False,True,False,True,False,AUTOMATIC,CONVEYING,True,False,False,,,2,2,572,0.05
28.6,0.7999999999999997,1.3948998319486711e-40,False,False,False,True,False,True,False,True,False,AUTOMATIC,CONVEYING,True,False,False,,,2,2,573,0.05
28.65,0.7999999999999997,1.0461748739615034e-40,False,False,False,True,False,True,False,True,False,AUTOMATIC,CONVEYING,True,False,False,,,2,2,574,0.05
28.7,0.7999999999999997,7.846311554711275e-41,False,False,False,True,False,True,False,True,False,AUTOMATIC,CONVEYING,True,False,False,,,2,2,575,0.05
28.75,0.7999999999999997,5.884733666033456e-41,False,False,False,True,False,True,False,True,False,AUTOMATIC,CONVEYING,True,False,False,,,2,2,576,0.05
28.8,0.7999999999999997,4.413550249525093e-41,False,False,False,True,False,True,False,True,False,AUTOMATIC,CONVEYING,True,False,False,,,2,2,577,0.05
28.85,0.7999999999999997,3.3101626871438194e-41,False,False,False,True,False,True,False,True,False,AUTOMATIC,CONVEYING,True,False,False,,,2,2,578,0.05
28.9,0.7999999999999997,2.482622015357865e-41,False,False,False,True,False,True,False,True,False,AUTOMATIC,CONVEYING,True,False,False,,,2,2,579,0.05
28.95,0.7999999999999997,1.8619665115183986e-41,False,False,False,True,False,True,False,True,False,AUTOMATIC,CONVEYING,True,False,False,,,2,2,580,0.05
29.0,0.7999999999999997,1.396474883638799e-41,False,False,False,True,True,True,False,True,False,AUTOMATIC,CONVEYING,True,False,False,,,2,2,581,0.05
29.05,0.7999999999999997,1.0473561627290992e-41,True,False,False,True,True,True,False,True,False,AUTOMATIC,PRODUCT_DETECTED,True,False,False,,,2,2,582,0.05
29.1,0.7999999999999997,7.855171220468243e-42,True,False,False,True,True,True,False,True,False,AUTOMATIC,PRODUCT_DETECTED,True,False,False,,,2,2,583,0.05
29.15,0.7999999999999997,5.891378415351183e-42,True,False,False,True,True,True,False,True,False,AUTOMATIC,PRODUCT_DETECTED,True,False,False,,,2,2,584,0.05
29.2,0.7999999999999997,4.418533811513387e-42,True,False,False,True,True,True,False,True,False,AUTOMATIC,PRODUCT_DETECTED,True,False,False,,,2,2,585,0.05
29.25,0.7999999999999997,3.3139003586350404e-42,True,False,False,True,True,True,False,True,False,AUTOMATIC,PRODUCT_DETECTED,True,False,False,,,2,2,586,0.05
29.3,0.7999999999999997,2.48542526897628e-42,True,False,False,True,True,True,False,True,False,AUTOMATIC,PRODUCT_DETECTED,True,False,False,,,2,2,587,0.05
29.35,0.7999999999999997,1.8640689517322103e-42,True,False,False,True,True,True,False,True,False,AUTOMATIC,PRODUCT_DETECTED,True,False,False,,,2,2,588,0.05
29.4,0.7999999999999997,1.3980517137991577e-42,True,False,False,True,True,True,False,True,False,AUTOMATIC,PRODUCT_DETECTED,True,False,False,,,2,2,589,0.05
29.45,0.7999999999999997,1.0485387853493683e-42,True,False,False,True,True,True,False,True,False,AUTOMATIC,PRODUCT_DETECTED,True,False,False,,,2,2,590,0.05
29.5,0.7999999999999997,7.864040890120263e-43,False,False,False,True,True,True,False,True,False,AUTOMATIC,PRODUCT_DETECTED,True,False,False,,,2,2,591,0.05
29.55,0.7999999999999997,5.898030667590197e-43,False,False,False,True,True,True,False,True,False,AUTOMATIC,PRODUCT_DETECTED,True,False,False,,,2,2,592,0.05
29.6,0.7999999999999997,4.423523000692648e-43,False,False,False,True,True,True,False,True,False,AUTOMATIC,PRODUCT_DETECTED,True,False,False,,,2,2,593,0.05
29.65,0.7999999999999997,3.3176422505194862e-43,False,False,False,True,True,True,False,True,False,AUTOMATIC,PRODUCT_DETECTED,True,False,False,,,2,2,594,0.05
29.7,0.7999999999999997,2.4882316878896147e-43,False,False,False,True,True,True,False,True,False,AUTOMATIC,PRODUCT_DETECTED,True,False,False,,,2,2,595,0.05
29.75,0.7999999999999997,1.866173765917211e-43,False,False,False,True,True,True,False,True,False,AUTOMATIC,PRODUCT_DETECTED,True,False,False,,,2,2,596,0.05
29.8,0.7999999999999997,1.3996303244379083e-43,False,False,False,True,True,True,False,True,False,AUTOMATIC,PRODUCT_DETECTED,True,False,False,,,2,2,597,0.05
29.85,0.7999999999999997,1.0497227433284312e-43,False,False,False,True,True,True,False,True,False,AUTOMATIC,PRODUCT_DETECTED,True,False,False,,,2,2,598,0.05
29.9,0.7999999999999997,7.872920574963234e-44,False,False,False,True,True,True,False,True,False,AUTOMATIC,PRODUCT_DETECTED,True,False,False,,,2,2,599,0.05
29.95,0.7999999999999997,5.904690431222425e-44,False,False,False,True,True,True,False,True,False,AUTOMATIC,PRODUCT_DETECTED,True,False,False,,,2,2,600,0.05
30.0,0.7999999999999997,4.428517823416819e-44,False,False,False,True,True,True,False,True,False,AUTOMATIC,PRODUCT_DETECTED,True,False,False,,,2,2,601,0.05
30.05,0.7999999999999997,3.321388367562614e-44,False,False,False,True,True,True,False,True,False,AUTOMATIC,PRODUCT_DETECTED,True,False,False,,,2,2,602,0.05
30.1,0.7999999999999997,2.4910412756719607e-44,False,False,False,True,True,True,False,True,False,AUTOMATIC,PRODUCT_DETECTED,True,False,False,,,2,2,603,0.05
30.15,0.7999999999999997,1.8682809567539707e-44,False,False,False,True,True,True,False,True,False,AUTOMATIC,PRODUCT_DETECTED,True,False,False,,,2,2,604,0.05
30.2,0.7999999999999997,1.401210717565478e-44,False,False,False,True,True,True,False,True,False,AUTOMATIC,PRODUCT_DETECTED,True,False,False,,,2,2,605,0.05
30.25,0.7999999999999997,1.0509080381741085e-44,False,False,False,True,True,True,False,True,False,AUTOMATIC,PRODUCT_DETECTED,True,False,False,,,2,2,606,0.05
30.3,0.7999999999999997,7.881810286305813e-45,False,False,False,True,True,True,False,True,False,AUTOMATIC,PRODUCT_DETECTED,True,False,False,,,2,2,607,0.05
30.35,0.7999999999999997,5.91135771472936e-45,False,False,False,True,True,True,False,True,False,AUTOMATIC,PRODUCT_DETECTED,True,False,False,,,2,2,608,0.05
30.4,0.7999999999999997,4.43351828604702e-45,False,False,False,True,True,True,False,True,False,AUTOMATIC,PRODUCT_DETECTED,True,False,False,,,2,2,609,0.05
30.45,0.7999999999999997,3.325138714535265e-45,False,False,False,True,True,True,False,True,False,AUTOMATIC,PRODUCT_DETECTED,True,False,False,,,2,2,610,0.05
30.5,0.7999999999999997,2.493854035901449e-45,False,False,False,True,True,True,False,True,False,AUTOMATIC,PRODUCT_DETECTED,True,False,False,,,2,2,611,0.05
30.55,0.7999999999999997,1.8703905269260867e-45,False,False,False,True,True,True,False,True,False,AUTOMATIC,PRODUCT_DETECTED,True,False,False,,,2,2,612,0.05
30.6,0.7999999999999997,1.402792895194565e-45,False,False,False,True,True,True,False,True,False,AUTOMATIC,PRODUCT_DETECTED,True,False,False,,,2,2,613,0.05
30.65,0.7999999999999997,1.0520946713959238e-45,False,False,False,True,True,True,False,True,False,AUTOMATIC,PRODUCT_DETECTED,True,False,False,,,2,2,614,0.05
30.7,0.7999999999999997,7.890710035469428e-46,False,False,False,True,True,True,False,True,False,AUTOMATIC,PRODUCT_DETECTED,True,False,False,,,2,2,615,0.05
30.75,0.7999999999999997,5.918032526602071e-46,False,False,False,True,True,True,False,True,False,AUTOMATIC,PRODUCT_DETECTED,True,False,False,,,2,2,616,0.05
30.8,0.7999999999999997,4.4385243949515535e-46,False,False,False,True,True,True,False,True,False,AUTOMATIC,PRODUCT_DETECTED,True,False,False,,,2,2,617,0.05
30.85,0.7999999999999997,3.3288932962136655e-46,False,False,False,True,True,True,False,True,False,AUTOMATIC,PRODUCT_DETECTED,True,False,False,,,2,2,618,0.05
30.9,0.7999999999999997,2.4966699721602493e-46,False,False,False,True,True,True,False,True,False,AUTOMATIC,PRODUCT_DETECTED,True,False,False,,,2,2,619,0.05
30.95,0.7999999999999997,1.8725024791201868e-46,False,False,False,True,True,True,False,True,False,AUTOMATIC,PRODUCT_DETECTED,True,False,False,,,2,2,620,0.05
31.0,0.7999999999999997,1.4043768593401401e-46,False,False,False,True,True,True,False,True,False,AUTOMATIC,PRODUCT_DETECTED,True,False,False,,,2,2,621,0.05
31.05,0.7999999999999997,1.053282644505105e-46,False,False,False,True,True,True,False,True,False,AUTOMATIC,PRODUCT_DETECTED,True,False,False,,,2,2,622,0.05
31.1,0.7999999999999997,7.899619833788287e-47,False,False,False,True,True,True,False,True,False,AUTOMATIC,PRODUCT_DETECTED,True,False,False,,,2,2,623,0.05
31.15,0.7999999999999997,5.924714875341215e-47,False,False,False,True,True,True,False,True,False,AUTOMATIC,PRODUCT_DETECTED,True,False,False,,,2,2,624,0.05
31.2,0.7999999999999997,4.443536156505912e-47,False,False,False,True,True,True,False,True,False,AUTOMATIC,PRODUCT_DETECTED,True,False,False,,,2,2,625,0.05
31.25,0.7999999999999997,3.332652117379434e-47,False,False,False,True,True,True,False,True,False,AUTOMATIC,PRODUCT_DETECTED,True,False,False,,,2,2,626,0.05
31.3,0.7999999999999997,2.4994890880345755e-47,False,False,False,True,True,True,False,True,False,AUTOMATIC,PRODUCT_DETECTED,True,False,False,,,2,2,627,0.05
31.35,0.7999999999999997,1.8746168160259315e-47,False,False,False,True,True,True,False,True,False,AUTOMATIC,PRODUCT_DETECTED,True,False,False,,,2,2,628,0.05
31.4,0.7999999999999997,1.4059626120194488e-47,False,False,False,True,True,True,False,True,False,AUTOMATIC,PRODUCT_DETECTED,True,False,False,,,2,2,629,0.05
31.45,0.7999999999999997,1.0544719590145867e-47,False,False,False,True,True,True,False,True,False,AUTOMATIC,PRODUCT_DETECTED,True,False,False,,,2,2,630,0.05
31.5,0.7999999999999997,7.9085396926094e-48,False,False,False,True,True,True,False,True,False,AUTOMATIC,PRODUCT_DETECTED,True,False,False,,,2,2,631,0.05
31.55,0.7999999999999997,5.93140476945705e-48,False,False,False,True,True,True,False,True,False,AUTOMATIC,PRODUCT_DETECTED,True,False,False,,,2,2,632,0.05
31.6,0.7999999999999997,4.448553577092788e-48,False,False,False,True,True,True,False,True,False,AUTOMATIC,PRODUCT_DETECTED,True,False,False,,,2,2,633,0.05
31.65,0.7999999999999997,3.336415182819591e-48,False,False,False,True,True,True,False,True,False,AUTOMATIC,PRODUCT_DETECTED,True,False,False,,,2,2,634,0.05
31.7,0.7999999999999997,2.5023113871146933e-48,False,False,False,True,True,True,False,True,False,AUTOMATIC,PRODUCT_DETECTED,True,False,False,,,2,2,635,0.05
31.75,0.7999999999999997,1.87673354033602e-48,False,False,False,True,True,True,False,True,False,AUTOMATIC,PRODUCT_DETECTED,True,False,False,,,2,2,636,0.05
31.8,0.7999999999999997,1.407550155252015e-48,False,False,False,True,True,True,False,True,False,AUTOMATIC,PRODUCT_DETECTED,True,False,False,,,2,2,637,0.05
31.85,0.7999999999999997,1.0556626164390114e-48,False,False,False,True,True,True,False,True,False,AUTOMATIC,PRODUCT_DETECTED,True,False,False,,,2,2,638,0.05
31.9,0.7999999999999997,7.917469623292584e-49,False,False,False,True,True,True,False,True,False,AUTOMATIC,PRODUCT_DETECTED,True,False,False,,,2,2,639,0.05
31.95,0.7999999999999997,5.938102217469438e-49,False,False,False,True,True,True,False,True,False,AUTOMATIC,PRODUCT_DETECTED,True,False,False,,,2,2,640,0.05
32.0,0.7999999999999997,4.453576663102079e-49,False,False,False,True,True,True,False,True,False,AUTOMATIC,PRODUCT_DETECTED,True,False,False,,,2,2,641,0.05
32.05,0.7999999999999997,3.340182497326559e-49,False,False,False,True,True,True,False,True,False,AUTOMATIC,PRODUCT_DETECTED,True,False,False,,,2,2,642,0.05
32.1,0.7999999999999997,2.5051368729949193e-49,False,False,False,True,True,True,False,True,False,AUTOMATIC,PRODUCT_DETECTED,True,False,False,,,2,2,643,0.05
32.15,0.7999999999999997,1.8788526547461895e-49,False,False,False,True,True,True,False,True,False,AUTOMATIC,PRODUCT_DETECTED,True,False,False,,,2,2,644,0.05
32.2,0.7999999999999997,1.409139491059642e-49,False,False,False,True,True,True,False,True,False,AUTOMATIC,PRODUCT_DETECTED,True,False,False,,,2,2,645,0.05
32.25,0.7999999999999997,1.0568546182947315e-49,False,False,False,True,True,True,False,True,False,AUTOMATIC,PRODUCT_DETECTED,True,False,False,,,2,2,646,0.05
32.3,0.7999999999999997,7.926409637210486e-50,False,False,False,True,True,True,False,True,False,AUTOMATIC,PRODUCT_DETECTED,True,False,False,,,2,2,647,0.05
32.35,0.7999999999999997,5.944807227907865e-50,False,False,False,True,True,True,False,True,False,AUTOMATIC,PRODUCT_DETECTED,True,False,False,,,2,2,648,0.05
32.4,0.7999999999999997,4.458605420930899e-50,False,False,False,True,True,True,False,True,False,AUTOMATIC,PRODUCT_DETECTED,True,False,False,,,2,2,649,0.05
32.45,0.7999999999999997,3.343954065698174e-50,False,False,False,True,True,True,False,True,False,AUTOMATIC,PRODUCT_DETECTED,True,False,False,,,2,2,650,0.05
32.5,0.7999999999999997,2.5079655492736304e-50,False,False,False,True,True,True,False,True,False,AUTOMATIC,PRODUCT_DETECTED,True,False,False,,,2,2,651,0.05
32.55,0.7999999999999997,1.8809741619552228e-50,False,False,False,True,True,True,False,True,False,AUTOMATIC,PRODUCT_DETECTED,True,False,False,,,2,2,652,0.05
32.6,0.7999999999999997,1.410730621466417e-50,False,False,False,True,True,True,False,True,False,AUTOMATIC,PRODUCT_DETECTED,True,False,False,,,2,2,653,0.05
32.65,0.7999999999999997,1.0580479660998128e-50,False,False,False,True,True,True,False,True,False,AUTOMATIC,PRODUCT_DETECTED,True,False,False,,,2,2,654,0.05
32.7,0.7999999999999997,7.935359745748595e-51,False,False,False,True,True,True,False,True,False,AUTOMATIC,PRODUCT_DETECTED,True,False,False,,,2,2,655,0.05
32.75,0.7999999999999997,5.951519809311446e-51,False,False,False,True,True,True,False,True,False,AUTOMATIC,PRODUCT_DETECTED,True,False,False,,,2,2,656,0.05
32.8,0.7999999999999997,4.4636398569835844e-51,False,False,False,True,True,True,False,True,False,AUTOMATIC,PRODUCT_DETECTED,True,False,False,,,2,2,657,0.05
32.85,0.7999999999999997,3.347729892737688e-51,False,False,False,True,True,True,False,True,False,AUTOMATIC,PRODUCT_DETECTED,True,False,False,,,2,2,658,0.05
32.9,0.7999999999999997,2.510797419553266e-51,False,False,False,True,True,True,False,True,False,AUTOMATIC,PRODUCT_DETECTED,True,False,False,,,2,2,659,0.05
32.95,0.7999999999999997,1.8830980646649498e-51,False,False,False,True,True,True,False,True,False,AUTOMATIC,PRODUCT_DETECTED,True,False,False,,,2,2,660,0.05
33.0,0.7999999999999997,1.4123235484987123e-51,False,False,False,True,True,True,False,True,False,AUTOMATIC,PRODUCT_DETECTED,True,False,False,,,2,2,661,0.05
33.05,0.7999999999999997,1.0592426613740342e-51,False,False,False,True,True,True,False,True,False,AUTOMATIC,PRODUCT_DETECTED,True,False,False,,,2,2,662,0.05
33.1,0.7999999999999997,7.944319960305256e-52,False,False,False,True,True,True,False,True,False,AUTOMATIC,PRODUCT_DETECTED,True,False,False,,,2,2,663,0.05
33.15,0.7999999999999997,5.958239970228942e-52,False,False,False,True,True,True,False,True,False,AUTOMATIC,PRODUCT_DETECTED,True,False,False,,,2,2,664,0.05
33.2,0.7999999999999997,4.4686799776717065e-52,False,False,False,True,True,True,False,True,False,AUTOMATIC,PRODUCT_DETECTED,True,False,False,,,2,2,665,0.05
33.25,0.7999999999999997,3.35150998325378e-52,False,False,False,True,True,True,False,True,False,AUTOMATIC,PRODUCT_DETECTED,True,False,False,,,2,2,666,0.05
33.3,0.7999999999999997,2.513632487440335e-52,False,False,False,True,True,True,False,True,False,AUTOMATIC,PRODUCT_DETECTED,True,False,False,,,2,2,667,0.05
33.35,0.7999999999999997,1.885224365580251e-52,False,False,False,True,True,True,False,True,False,AUTOMATIC,PRODUCT_DETECTED,True,False,False,,,2,2,668,0.05
33.4,0.7999999999999997,1.4139182741851882e-52,False,False,False,True,True,True,False,True,False,AUTOMATIC,PRODUCT_DETECTED,True,False,False,,,2,2,669,0.05
33.45,0.7999999999999997,1.060438705638891e-52,False,False,False,True,True,True,False,True,False,AUTOMATIC,PRODUCT_DETECTED,True,False,False,,,2,2,670,0.05
33.5,0.7999999999999997,7.953290292291683e-53,False,False,False,True,True,True,False,True,False,AUTOMATIC,PRODUCT_DETECTED,True,False,False,,,2,2,671,0.05
33.55,0.7999999999999997,5.964967719218762e-53,False,False,False,True,True,True,False,True,False,AUTOMATIC,PRODUCT_DETECTED,True,False,False,,,2,2,672,0.05
33.6,0.7999999999999997,4.473725789414072e-53,False,False,False,True,True,True,False,True,False,AUTOMATIC,PRODUCT_DETECTED,True,False,False,,,2,2,673,0.05
33.65,0.7999999999999997,3.3552943420605538e-53,False,False,False,True,True,True,False,True,False,AUTOMATIC,PRODUCT_DETECTED,True,False,False,,,2,2,674,0.05
33.7,0.7999999999999997,2.5164707565454155e-53,False,False,False,True,True,True,False,True,False,AUTOMATIC,PRODUCT_DETECTED,True,False,False,,,2,2,675,0.05
33.75,0.7999999999999997,1.8873530674090617e-53,False,False,False,True,True,True,False,True,False,AUTOMATIC,PRODUCT_DETECTED,True,False,False,,,2,2,676,0.05
33.8,0.7999999999999997,1.4155148005567962e-53,False,False,False,True,True,True,False,True,False,AUTOMATIC,PRODUCT_DETECTED,True,False,False,,,2,2,677,0.05
33.85,0.7999999999999997,1.0616361004175971e-53,False,False,False,True,True,True,False,True,False,AUTOMATIC,PRODUCT_DETECTED,True,False,False,,,2,2,678,0.05
33.9,0.7999999999999997,7.962270753131979e-54,False,False,False,True,True,True,False,True,False,AUTOMATIC,PRODUCT_DETECTED,True,False,False,,,2,2,679,0.05
33.95,0.7999999999999997,5.971703064848984e-54,False,False,False,True,True,True,False,True,False,AUTOMATIC,PRODUCT_DETECTED,True,False,False,,,2,2,680,0.05
34.0,0.7999999999999997,4.478777298636738e-54,False,False,False,True,True,True,False,True,False,AUTOMATIC,PRODUCT_DETECTED,True,False,False,,,2,2,681,0.05
34.05,0.7999999999999997,3.359082973977553e-54,False,False,False,True,True,True,False,True,False,AUTOMATIC,PRODUCT_DETECTED,True,False,False,,,2,2,682,0.05
34.1,0.7999999999999997,2.519312230483165e-54,False,False,False,True,True,True,False,True,False,AUTOMATIC,PRODUCT_DETECTED,True,False,False,,,2,2,683,0.05
34.15,0.7999999999999997,1.8894841728623737e-54,False,False,False,True,True,True,False,True,False,AUTOMATIC,PRODUCT_DETECTED,True,False,False,,,2,2,684,0.05
34.2,0.7999999999999997,1.4171131296467802e-54,False,False,False,True,True,True,False,True,False,AUTOMATIC,PRODUCT_DETECTED,True,False,False,,,2,2,685,0.05
34.25,0.7999999999999997,1.0628348472350852e-54,False,False,False,True,True,True,False,True,False,AUTOMATIC,PRODUCT_DETECTED,True,False,False,,,2,2,686,0.05
34.3,0.7999999999999997,7.971261354263139e-55,False,False,False,True,True,True,False,True,False,AUTOMATIC,PRODUCT_DETECTED,True,False,False,,,2,2,687,0.05
34.35,0.7999999999999997,5.978446015697354e-55,False,False,False,True,True,True,False,True,False,AUTOMATIC,PRODUCT_DETECTED,True,False,False,,,2,2,688,0.05
34.4,0.7999999999999997,4.4838345117730154e-55,False,False,False,True,True,True,False,True,False,AUTOMATIC,PRODUCT_DETECTED,True,False,False,,,2,2,689,0.05
34.45,0.7999999999999997,3.3628758838297615e-55,False,False,False,True,True,True,False,True,False,AUTOMATIC,PRODUCT_DETECTED,True,False,False,,,2,2,690,0.05
34.5,0.7999999999999997,2.5221569128723213e-55,False,False,False,True,True,True,False,True,False,AUTOMATIC,PRODUCT_DETECTED,True,False,False,,,2,2,691,0.05
34.55,0.7999999999999997,1.891617684654241e-55,False,False,False,True,True,True,False,True,False,AUTOMATIC,PRODUCT_DETECTED,True,False,False,,,2,2,692,0.05
34.6,0.7999999999999997,1.4187132634906808e-55,False,False,False,True,True,True,False,True,False,AUTOMATIC,PRODUCT_DETECTED,True,False,False,,,2,2,693,0.05
34.65,0.7999999999999997,1.0640349476180106e-55,False,False,False,True,True,True,False,True,False,AUTOMATIC,PRODUCT_DETECTED,True,False,False,,,2,2,694,0.05
34.7,0.7999999999999997,7.980262107135079e-56,False,False,False,True,True,True,False,True,False,AUTOMATIC,PRODUCT_DETECTED,True,False,False,,,2,2,695,0.05
34.75,0.7999999999999997,5.985196580351309e-56,False,False,False,True,True,True,False,True,False,AUTOMATIC,PRODUCT_DETECTED,True,False,False,,,2,2,696,0.05
34.8,0.7999999999999997,4.488897435263482e-56,False,False,False,True,True,True,False,True,False,AUTOMATIC,PRODUCT_DETECTED,True,False,False,,,2,2,697,0.05
34.85,0.7999999999999997,3.3666730764476113e-56,False,False,False,True,True,True,False,True,False,AUTOMATIC,PRODUCT_DETECTED,True,False,False,,,2,2,698,0.05
34.9,0.7999999999999997,2.5250048073357085e-56,False,False,False,True,True,True,False,True,False,AUTOMATIC,PRODUCT_DETECTED,True,False,False,,,2,2,699,0.05
34.95,0.7999999999999997,1.8937536055017814e-56,False,False,False,True,True,True,False,True,False,AUTOMATIC,PRODUCT_DETECTED,True,False,False,,,2,2,700,0.05
35.0,0.7999999999999997,1.4203152041263361e-56,False,False,False,True,True,True,False,True,False,AUTOMATIC,PRODUCT_DETECTED,True,False,False,,,2,2,701,0.05
35.05,0.7999999999999997,1.065236403094752e-56,False,False,False,True,True,True,False,True,False,AUTOMATIC,PRODUCT_DETECTED,True,False,False,,,2,2,702,0.05
35.1,0.7999999999999997,7.98927302321064e-57,False,False,False,True,True,True,False,True,False,AUTOMATIC,PRODUCT_DETECTED,True,False,False,,,2,2,703,0.05
35.15,0.7999999999999997,5.99195476740798e-57,False,False,False,True,True,True,False,True,False,AUTOMATIC,PRODUCT_DETECTED,True,False,False,,,2,2,704,0.05
35.2,0.7999999999999997,4.493966075555985e-57,False,False,False,True,True,True,False,True,False,AUTOMATIC,PRODUCT_DETECTED,True,False,False,,,2,2,705,0.05
35.25,0.7999999999999997,3.3704745566669886e-57,False,False,False,True,True,True,False,True,False,AUTOMATIC,PRODUCT_DETECTED,True,False,False,,,2,2,706,0.05
35.3,0.7999999999999997,2.5278559175002413e-57,False,False,False,True,True,True,False,True,False,AUTOMATIC,PRODUCT_DETECTED,True,False,False,,,2,2,707,0.05
35.35,0.7999999999999997,1.8958919381251808e-57,False,False,False,True,True,True,False,True,False,AUTOMATIC,PRODUCT_DETECTED,True,False,False,,,2,2,708,0.05
35.4,0.7999999999999997,1.4219189535938856e-57,False,False,False,True,True,True,False,True,False,AUTOMATIC,PRODUCT_DETECTED,True,False,False,,,2,2,709,0.05
35.45,0.7999999999999997,1.0664392151954143e-57,False,False,False,True,True,True,False,True,False,AUTOMATIC,PRODUCT_DETECTED,True,False,False,,,2,2,710,0.05
35.5,0.7999999999999997,7.998294113965606e-58,False,False,False,True,True,True,False,True,False,AUTOMATIC,PRODUCT_DETECTED,True,False,False,,,2,2,711,0.05
35.55,0.7999999999999997,5.998720585474205e-58,False,False,False,True,True,True,False,True,False,AUTOMATIC,PRODUCT_DETECTED,True,False,False,,,2,2,712,0.05
35.6,0.7999999999999997,4.4990404391056536e-58,False,False,False,True,True,True,False,True,False,AUTOMATIC,PRODUCT_DETECTED,True,False,False,,,2,2,713,0.05
35.65,0.7999999999999997,3.37428032932924e-58,False,False,False,True,True,True,False,True,False,AUTOMATIC,PRODUCT_DETECTED,True,False,False,,,2,2,714,0.05
35.7,0.7999999999999997,2.53071024699693e-58,False,False,False,True,True,True,False,True,False,AUTOMATIC,PRODUCT_DETECTED,True,False,False,,,2,2,715,0.05
35.75,0.7999999999999997,1.898032685247697e-58,False,False,False,True,True,True,False,True,False,AUTOMATIC,PRODUCT_DETECTED,True,False,False,,,2,2,716,0.05
35.8,0.7999999999999997,1.4235245139357729e-58,False,False,False,True,True,True,False,True,False,AUTOMATIC,PRODUCT_DETECTED,True,False,False,,,2,2,717,0.05
35.85,0.7999999999999997,1.0676433854518297e-58,False,False,False,True,True,True,False,True,False,AUTOMATIC,PRODUCT_DETECTED,True,False,False,,,2,2,718,0.05
35.9,0.7999999999999997,8.007325390888723e-59,False,False,False,True,True,True,False,True,False,AUTOMATIC,PRODUCT_DETECTED,True,False,False,,,2,2,719,0.05
35.95,0.7999999999999997,6.005494043166542e-59,False,False,False,True,True,True,False,True,False,AUTOMATIC,PRODUCT_DETECTED,True,False,False,,,2,2,720,0.05
36.0,0.7999999999999997,4.504120532374907e-59,False,True,False,True,True,True,False,True,False,AUTOMATIC,POSITIONING,True,False,False,,,2,2,721,0.05
36.05,0.7999999999999997,0.25,False,True,False,True,True,True,True,False,False,AUTOMATIC,SORTING,True,False,False,,,2,2,722,0.05
36.1,0.7999999999999997,0.4375,False,True,False,True,True,True,True,False,False,AUTOMATIC,SORTING,True,False,False,,,2,2,723,0.05
36.15,0.7999999999999997,0.578125,False,True,False,True,True,True,True,False,False,AUTOMATIC,SORTING,True,False,False,,,2,2,724,0.05
36.2,0.7999999999999997,0.68359375,False,True,False,True,True,True,True,False,False,AUTOMATIC,SORTING,True,False,False,,,2,2,725,0.05
36.25,0.7999999999999997,0.7626953125,False,True,False,True,False,True,True,False,False,AUTOMATIC,SORTING,True,False,False,,,2,2,726,0.05
36.3,0.7999999999999997,0.822021484375,False,True,False,True,False,True,True,False,False,AUTOMATIC,SORTING,True,False,False,,,2,2,727,0.05
36.35,0.7999999999999997,0.86651611328125,False,True,False,True,False,True,True,False,False,AUTOMATIC,SORTING,True,False,False,,,2,2,728,0.05
36.4,0.7999999999999997,0.8998870849609375,False,True,False,True,False,True,True,False,False,AUTOMATIC,SORTING,True,False,False,,,2,2,729,0.05
36.45,0.7999999999999997,0.9249153137207031,False,True,False,True,False,True,True,False,False,AUTOMATIC,SORTING,True,False,False,,,2,2,730,0.05
36.5,0.7999999999999997,0.9436864852905273,False,True,False,True,False,True,True,False,False,AUTOMATIC,SORTING,True,False,False,,,2,2,731,0.05
36.55,0.7999999999999997,0.9577648639678955,False,False,False,True,False,True,True,False,False,AUTOMATIC,SORTING,True,False,False,,,2,2,732,0.05
36.6,0.7999999999999997,0.9683236479759216,False,False,False,True,False,True,True,False,False,AUTOMATIC,SORTING,True,False,False,,,2,2,733,0.05
36.65,0.7999999999999997,0.9762427359819412,False,False,False,True,False,True,True,False,False,AUTOMATIC,SORTING,True,False,False,,,2,2,734,0.05
36.7,0.7999999999999997,0.9821820519864559,False,False,False,True,False,True,True,False,False,AUTOMATIC,SORTING,True,False,False,,,2,2,735,0.05
36.75,0.7999999999999997,0.9866365389898419,False,False,False,True,False,True,True,False,False,AUTOMATIC,SORTING,True,False,False,,,2,2,736,0.05
36.8,0.7999999999999997,0.9899774042423815,False,False,False,True,False,True,True,False,False,AUTOMATIC,SORTING,True,False,False,,,2,2,737,0.05
36.85,0.7999999999999997,0.9924830531817861,False,False,False,True,False,True,True,False,False,AUTOMATIC,SORTING,True,False,False,,,2,2,738,0.05
36.9,0.7999999999999997,0.9943622898863396,False,False,False,True,False,True,True,False,False,AUTOMATIC,SORTING,True,False,False,,,2,2,739,0.05
36.95,0.7999999999999997,0.9957717174147547,False,False,False,True,False,True,True,False,False,AUTOMATIC,SORTING,True,False,False,,,2,2,740,0.05
37.0,0.7999999999999997,0.996828788061066,False,False,False,True,False,True,True,False,False,AUTOMATIC,SORTING,True,False,False,,,2,2,741,0.05
37.05,0.7999999999999997,0.9976215910457995,False,False,False,True,False,True,True,False,False,AUTOMATIC,SORTING,True,False,False,,,2,2,742,0.05
37.1,0.7999999999999997,0.9982161932843496,False,False,False,True,False,True,True,False,False,AUTOMATIC,SORTING,True,False,False,,,2,2,743,0.05
37.15,0.7999999999999997,0.9986621449632622,False,False,False,True,False,True,True,False,False,AUTOMATIC,SORTING,True,False,False,,,2,2,744,0.05
37.2,0.7999999999999997,0.9989966087224467,False,False,False,True,False,True,True,False,False,AUTOMATIC,SORTING,True,False,False,,,2,2,745,0.05
37.25,0.7999999999999997,0.999247456541835,False,False,False,True,False,True,True,False,False,AUTOMATIC,SORTING,True,False,False,,,2,2,746,0.05
37.3,0.7999999999999997,0.9994355924063762,False,False,False,True,False,True,True,False,False,AUTOMATIC,SORTING,True,False,False,,,2,2,747,0.05
37.35,0.7999999999999997,0.9995766943047821,False,False,False,True,False,True,True,False,False,AUTOMATIC,SORTING,True,False,False,,,2,2,748,0.05
37.4,0.7999999999999997,0.9996825207285867,False,False,False,True,False,True,True,False,False,AUTOMATIC,SORTING,True,False,False,,,2,2,749,0.05
37.45,0.7999999999999997,0.99976189054644,False,False,False,True,False,True,True,False,False,AUTOMATIC,SORTING,True,False,False,,,2,2,750,0.05
37.5,0.7999999999999997,0.99982141790983,False,False,False,True,False,True,True,False,False,AUTOMATIC,SORTING,True,False,False,,,2,2,751,0.05
37.55,0.7999999999999997,0.9998660634323725,False,False,False,True,False,True,True,False,False,AUTOMATIC,SORTING,True,False,False,,,2,2,752,0.05
37.6,0.7999999999999997,0.9998995475742793,False,False,False,True,False,True,True,False,False,AUTOMATIC,SORTING,True,False,False,,,2,2,753,0.05
37.65,0.7999999999999997,0.9999246606807095,False,False,False,True,False,True,True,False,False,AUTOMATIC,SORTING,True,False,False,,,2,2,754,0.05
37.7,0.7999999999999997,0.9999434955105322,False,False,False,True,False,True,True,False,False,AUTOMATIC,SORTING,True,False,False,,,2,2,755,0.05
37.75,0.7999999999999997,0.9999576216328991,False,False,False,True,False,True,True,False,False,AUTOMATIC,SORTING,True,False,False,,,2,2,756,0.05
37.8,0.7999999999999997,0.9999682162246744,False,False,False,True,False,True,True,False,False,AUTOMATIC,SORTING,True,False,False,,,2,2,757,0.05
37.85,0.7999999999999997,0.9999761621685057,False,False,False,True,False,True,True,False,False,AUTOMATIC,SORTING,True,False,False,,,2,2,758,0.05
37.9,0.7999999999999997,0.9999821216263793,False,False,False,True,False,True,True,False,False,AUTOMATIC,SORTING,True,False,False,,,2,2,759,0.05
37.95,0.7999999999999997,0.9999865912197845,False,False,False,True,False,True,True,False,False,AUTOMATIC,SORTING,True,False,False,,,2,2,760,0.05
38.0,0.7999999999999997,0.9999899434148384,False,False,False,True,False,True,True,False,False,AUTOMATIC,SORTING,True,False,False,,,2,2,761,0.05
38.05,0.7999999999999997,0.9999924575611288,False,False,False,True,False,True,True,False,False,AUTOMATIC,SORTING,True,False,False,,,2,2,762,0.05
38.1,0.7999999999999997,0.9999943431708466,False,False,False,True,False,True,True,False,False,AUTOMATIC,SORTING,True,False,False,,,2,2,763,0.05
38.15,0.7999999999999997,0.999995757378135,False,False,False,True,False,True,True,False,False,AUTOMATIC,SORTING,True,False,False,,,2,2,764,0.05
38.2,0.7999999999999997,0.9999968180336012,False,False,False,True,False,True,True,False,False,AUTOMATIC,SORTING,True,False,False,,,2,2,765,0.05
38.25,0.7999999999999997,0.9999976135252009,False,False,False,True,False,True,True,False,False,AUTOMATIC,SORTING,True,False,False,,,2,2,766,0.05
38.3,0.7999999999999997,0.9999982101439007,False,False,False,True,False,True,True,False,False,AUTOMATIC,SORTING,True,False,False,,,2,2,767,0.05
38.35,0.7999999999999997,0.9999986576079255,False,False,False,True,False,True,True,False,False,AUTOMATIC,SORTING,True,False,False,,,2,2,768,0.05
38.4,0.7999999999999997,0.9999989932059441,False,False,False,True,False,True,True,False,False,AUTOMATIC,SORTING,True,False,False,,,2,2,769,0.05
38.45,0.7999999999999997,0.9999992449044581,False,False,False,True,False,True,True,False,False,AUTOMATIC,SORTING,True,False,False,,,2,2,770,0.05
38.5,0.7999999999999997,0.9999994336783435,False,False,False,True,False,True,True,False,False,AUTOMATIC,SORTING,True,False,False,,,2,2,771,0.05
38.55,0.7999999999999997,0.9999995752587576,False,False,False,True,False,True,True,False,False,AUTOMATIC,SORTING,True,False,False,,,2,2,772,0.05
38.6,0.7999999999999997,0.9999996814440683,False,False,False,True,False,True,True,False,False,AUTOMATIC,SORTING,True,False,False,,,2,2,773,0.05
38.65,0.7999999999999997,0.9999997610830512,False,False,False,True,False,True,True,False,False,AUTOMATIC,SORTING,True,False,False,,,2,2,774,0.05
38.7,0.7999999999999997,0.9999998208122884,False,False,False,True,False,True,True,False,False,AUTOMATIC,SORTING,True,False,False,,,2,2,775,0.05
38.75,0.7999999999999997,0.9999998656092164,False,False,False,True,False,True,True,False,False,AUTOMATIC,SORTING,True,False,False,,,2,2,776,0.05
38.8,0.7999999999999997,0.9999998992069123,False,False,False,True,False,True,True,False,False,AUTOMATIC,SORTING,True,False,False,,,2,2,777,0.05
38.85,0.7999999999999997,0.9999999244051843,False,False,False,True,False,True,True,False,False,AUTOMATIC,SORTING,True,False,False,,,2,2,778,0.05
38.9,0.7999999999999997,0.9999999433038882,False,False,False,True,False,True,True,False,False,AUTOMATIC,SORTING,True,False,False,,,2,2,779,0.05
38.95,0.7999999999999997,0.9999999574779161,False,False,False,True,False,True,True,False,False,AUTOMATIC,SORTING,True,False,False,,,2,2,780,0.05
39.0,0.7999999999999997,0.999999968108437,False,False,False,True,False,True,True,False,False,AUTOMATIC,SORTING,True,False,False,,,2,2,781,0.05
39.05,0.7999999999999997,0.9999999760813278,False,False,False,True,False,True,True,False,False,AUTOMATIC,SORTING,True,False,False,,,2,2,782,0.05
39.1,0.7999999999999997,0.9999999820609959,False,False,False,True,False,True,True,False,False,AUTOMATIC,SORTING,True,False,False,,,2,2,783,0.05
39.15,0.7999999999999997,0.999999986545747,False,False,False,True,False,True,True,False,False,AUTOMATIC,SORTING,True,False,False,,,2,2,784,0.05
39.2,0.7999999999999997,0.9999999899093102,False,False,False,True,False,True,True,False,False,AUTOMATIC,SORTING,True,False,False,,,2,2,785,0.05
39.25,0.7999999999999997,0.9999999924319827,False,False,False,True,False,True,True,False,False,AUTOMATIC,SORTING,True,False,False,,,2,2,786,0.05
39.3,0.7999999999999997,0.999999994323987,False,False,False,True,False,True,True,False,False,AUTOMATIC,SORTING,True,False,False,,,2,2,787,0.05
39.35,0.7999999999999997,0.9999999957429903,False,False,False,True,False,True,True,False,False,AUTOMATIC,SORTING,True,False,False,,,2,2,788,0.05
39.4,0.7999999999999997,0.9999999968072427,False,False,False,True,False,True,True,False,False,AUTOMATIC,SORTING,True,False,False,,,2,2,789,0.05
39.45,0.7999999999999997,0.999999997605432,False,False,False,True,False,True,True,False,False,AUTOMATIC,SORTING,True,False,False,,,2,2,790,0.05
39.5,0.7999999999999997,0.999999998204074,False,False,False,True,False,True,True,False,False,AUTOMATIC,SORTING,True,False,False,,,2,2,791,0.05
39.55,0.7999999999999997,0.9999999986530556,False,False,False,True,False,True,True,False,False,AUTOMATIC,SORTING,True,False,False,,,2,2,792,0.05
39.6,0.7999999999999997,0.9999999989897916,False,False,False,True,False,True,True,False,False,AUTOMATIC,SORTING,True,False,False,,,2,2,793,0.05
39.65,0.7999999999999997,0.9999999992423437,False,False,False,True,False,True,True,False,False,AUTOMATIC,SORTING,True,False,False,,,2,2,794,0.05
39.7,0.7999999999999997,0.9999999994317578,False,False,False,True,False,True,True,False,False,AUTOMATIC,SORTING,True,False,False,,,2,2,795,0.05
39.75,0.7999999999999997,0.9999999995738184,False,False,False,True,False,True,True,False,False,AUTOMATIC,SORTING,True,False,False,,,2,2,796,0.05
39.8,0.7999999999999997,0.9999999996803638,False,False,False,True,False,True,True,False,False,AUTOMATIC,SORTING,True,False,False,,,2,2,797,0.05
39.85,0.7999999999999997,0.9999999997602729,False,False,False,True,False,True,True,False,False,AUTOMATIC,SORTING,True,False,False,,,2,2,798,0.05
39.9,0.7999999999999997,0.9999999998202047,False,False,False,True,False,True,True,False,False,AUTOMATIC,SORTING,True,False,False,,,2,2,799,0.05
39.95,0.7999999999999997,0.9999999998651535,False,False,False,True,False,True,True,False,False,AUTOMATIC,SORTING,True,False,False,,,2,2,800,0.05
40.0,0.7999999999999997,0.9999999998988651,False,False,False,True,False,True,True,False,False,AUTOMATIC,SORTING,True,False,False,,,2,2,801,0.05
40.05,0.7999999999999997,0.9999999999241489,False,False,False,True,False,True,True,False,False,AUTOMATIC,SORTING,True,False,False,,,2,2,802,0.05
40.1,0.7999999999999997,0.9999999999431117,False,False,False,True,False,True,True,False,False,AUTOMATIC,SORTING,True,False,False,,,2,2,803,0.05
40.15,0.7999999999999997,0.9999999999573338,False,False,False,True,False,True,True,False,False,AUTOMATIC,SORTING,True,False,False,,,2,2,804,0.05
40.2,0.7999999999999997,0.9999999999680004,False,False,False,True,False,True,True,False,False,AUTOMATIC,SORTING,True,False,False,,,2,2,805,0.05
40.25,0.7999999999999997,0.9999999999760003,False,False,False,True,False,True,True,False,False,AUTOMATIC,SORTING,True,False,False,,,2,2,806,0.05
40.3,0.7999999999999997,0.9999999999820002,False,False,False,True,False,True,True,False,False,AUTOMATIC,SORTING,True,False,False,,,2,2,807,0.05
40.35,0.7999999999999997,0.9999999999865001,False,False,False,True,False,True,True,False,False,AUTOMATIC,SORTING,True,False,False,,,2,2,808,0.05
40.4,0.7999999999999997,0.9999999999898751,False,False,False,True,False,True,True,False,False,AUTOMATIC,SORTING,True,False,False,,,2,2,809,0.05
40.45,0.7999999999999997,0.9999999999924063,False,False,False,True,False,True,True,False,False,AUTOMATIC,SORTING,True,False,False,,,2,2,810,0.05
40.5,0.7999999999999997,0.9999999999943048,False,False,False,True,False,True,True,False,False,AUTOMATIC,SORTING,True,False,False,,,2,2,811,0.05
40.55,0.7999999999999997,0.9999999999957285,False,False,False,True,False,True,True,False,False,AUTOMATIC,SORTING,True,False,False,,,2,2,812,0.05
40.6,0.7999999999999997,0.9999999999967963,False,False,False,True,False,True,True,False,False,AUTOMATIC,SORTING,True,False,False,,,2,2,813,0.05
40.65,0.7999999999999997,0.9999999999975973,False,False,False,True,False,True,True,False,False,AUTOMATIC,SORTING,True,False,False,,,2,2,814,0.05
40.7,0.7999999999999997,0.7499999999981979,False,False,True,True,False,True,False,True,False,AUTOMATIC,PRODUCT_EXIT,True,False,False,,,3,3,815,0.05
40.75,0.7999999999999997,0.5624999999986484,False,False,True,True,False,True,False,True,False,AUTOMATIC,PRODUCT_EXIT,True,False,False,,,3,3,816,0.05
40.8,0.7999999999999997,0.4218749999989863,False,False,True,True,False,True,False,True,False,AUTOMATIC,PRODUCT_EXIT,True,False,False,,,3,3,817,0.05
40.85,0.7999999999999997,0.3164062499992397,False,False,True,True,False,True,False,True,False,AUTOMATIC,PRODUCT_EXIT,True,False,False,,,3,3,818,0.05
40.9,0.7999999999999997,0.2373046874994298,False,False,False,True,False,True,False,True,False,AUTOMATIC,CONVEYING,True,False,False,,,3,3,819,0.05
40.95,0.7999999999999997,0.17797851562457234,False,False,False,True,False,True,False,True,False,AUTOMATIC,CONVEYING,True,False,False,,,3,3,820,0.05
41.0,0.7999999999999997,0.13348388671842926,False,False,False,True,False,True,False,True,False,AUTOMATIC,CONVEYING,True,False,False,,,3,3,821,0.05
41.05,0.7999999999999997,0.10011291503882194,False,False,False,True,False,True,False,True,False,AUTOMATIC,CONVEYING,True,False,False,,,3,3,822,0.05
41.1,0.7999999999999997,0.07508468627911646,False,False,False,True,False,True,False,True,False,AUTOMATIC,CONVEYING,True,False,False,,,3,3,823,0.05
41.15,0.7999999999999997,0.05631351470933735,False,False,False,True,False,True,False,True,False,AUTOMATIC,CONVEYING,True,False,False,,,3,3,824,0.05
41.2,0.7999999999999997,0.04223513603200301,False,False,False,True,False,True,False,True,False,AUTOMATIC,CONVEYING,True,False,False,,,3,3,825,0.05
41.25,0.7999999999999997,0.031676352024002256,False,False,False,True,False,True,False,True,False,AUTOMATIC,CONVEYING,True,False,False,,,3,3,826,0.05
41.3,0.7999999999999997,0.02375726401800169,False,False,False,True,False,True,False,True,False,AUTOMATIC,CONVEYING,True,False,False,,,3,3,827,0.05
41.35,0.7999999999999997,0.017817948013501266,False,False,False,True,False,True,False,True,False,AUTOMATIC,CONVEYING,True,False,False,,,3,3,828,0.05
41.4,0.7999999999999997,0.013363461010125949,False,False,False,True,False,True,False,True,False,AUTOMATIC,CONVEYING,True,False,False,,,3,3,829,0.05
41.45,0.7999999999999997,0.010022595757594462,False,False,False,True,False,True,False,True,False,AUTOMATIC,CONVEYING,True,False,False,,,3,3,830,0.05
41.5,0.7999999999999997,0.007516946818195846,False,False,False,True,False,True,False,True,False,AUTOMATIC,CONVEYING,True,False,False,,,3,3,831,0.05
41.55,0.7999999999999997,0.005637710113646884,False,False,False,True,False,True,False,True,False,AUTOMATIC,CONVEYING,True,False,False,,,3,3,832,0.05
41.6,0.7999999999999997,0.004228282585235163,False,False,False,True,False,True,False,True,False,AUTOMATIC,CONVEYING,True,False,False,,,3,3,833,0.05
41.65,0.7999999999999997,0.0031712119389263726,False,False,False,True,False,True,False,True,False,AUTOMATIC,CONVEYING,True,False,False,,,3,3,834,0.05
41.7,0.7999999999999997,0.0023784089541947794,False,False,False,True,False,True,False,True,False,AUTOMATIC,CONVEYING,True,False,False,,,3,3,835,0.05
41.75,0.7999999999999997,0.0017838067156460847,False,False,False,True,False,True,False,True,False,AUTOMATIC,CONVEYING,True,False,False,,,3,3,836,0.05
41.8,0.7999999999999997,0.0013378550367345635,False,False,False,True,False,True,False,True,False,AUTOMATIC,CONVEYING,True,False,False,,,3,3,837,0.05
41.85,0.7999999999999997,0.0010033912775509225,False,False,False,True,False,True,False,True,False,AUTOMATIC,CONVEYING,True,False,False,,,3,3,838,0.05
41.9,0.7999999999999997,0.0007525434581631919,False,False,False,True,False,True,False,True,False,AUTOMATIC,CONVEYING,True,False,False,,,3,3,839,0.05
41.95,0.7999999999999997,0.0005644075936223939,False,False,False,True,False,True,False,True,False,AUTOMATIC,CONVEYING,True,False,False,,,3,3,840,0.05
42.0,0.7999999999999997,0.00042330569521679544,False,False,False,True,False,True,False,True,False,AUTOMATIC,CONVEYING,True,False,False,,,3,3,841,0.05
42.05,0.7999999999999997,0.00031747927141259657,False,False,False,True,False,True,False,True,False,AUTOMATIC,CONVEYING,True,False,False,,,3,3,842,0.05
42.1,0.7999999999999997,0.00023810945355944743,False,False,False,True,False,True,False,True,False,AUTOMATIC,CONVEYING,True,False,False,,,3,3,843,0.05
42.15,0.7999999999999997,0.00017858209016958558,False,False,False,True,False,True,False,True,False,AUTOMATIC,CONVEYING,True,False,False,,,3,3,844,0.05
42.2,0.7999999999999997,0.00013393656762718918,False,False,False,True,False,True,False,True,False,AUTOMATIC,CONVEYING,True,False,False,,,3,3,845,0.05
42.25,0.7999999999999997,0.00010045242572039189,False,False,False,True,False,True,False,True,False,AUTOMATIC,CONVEYING,True,False,False,,,3,3,846,0.05
42.3,0.7999999999999997,7.533931929029392e-05,False,False,False,True,False,True,False,True,False,AUTOMATIC,CONVEYING,True,False,False,,,3,3,847,0.05
42.35,0.7999999999999997,5.650448946772044e-05,False,False,False,True,False,True,False,True,False,AUTOMATIC,CONVEYING,True,False,False,,,3,3,848,0.05
42.4,0.7999999999999997,4.2378367100790324e-05,False,False,False,True,False,True,False,True,False,AUTOMATIC,CONVEYING,True,False,False,,,3,3,849,0.05
42.45,0.7999999999999997,3.178377532559275e-05,False,False,False,True,False,True,False,True,False,AUTOMATIC,CONVEYING,True,False,False,,,3,3,850,0.05
42.5,0.7999999999999997,2.383783149419456e-05,False,False,False,True,False,True,False,True,False,AUTOMATIC,CONVEYING,True,False,False,,,3,3,851,0.05
42.55,0.7999999999999997,1.7878373620645917e-05,False,False,False,True,False,True,False,True,False,AUTOMATIC,CONVEYING,True,False,False,,,3,3,852,0.05
42.6,0.7999999999999997,1.3408780215484438e-05,False,False,False,True,False,True,False,True,False,AUTOMATIC,CONVEYING,True,False,False,,,3,3,853,0.05
42.65,0.7999999999999997,1.0056585161613328e-05,False,False,False,True,False,True,False,True,False,AUTOMATIC,CONVEYING,True,False,False,,,3,3,854,0.05
42.7,0.7999999999999997,7.5424388712099965e-06,False,False,False,True,False,True,False,True,False,AUTOMATIC,CONVEYING,True,False,False,,,3,3,855,0.05
42.75,0.7999999999999997,5.656829153407497e-06,False,False,False,True,False,True,False,True,False,AUTOMATIC,CONVEYING,True,False,False,,,3,3,856,0.05
42.8,0.7999999999999997,4.242621865055623e-06,False,False,False,True,False,True,False,True,False,AUTOMATIC,CONVEYING,True,False,False,,,3,3,857,0.05
42.85,0.7999999999999997,3.181966398791717e-06,False,False,False,True,False,True,False,True,False,AUTOMATIC,CONVEYING,True,False,False,,,3,3,858,0.05
42.9,0.7999999999999997,2.386474799093788e-06,False,False,False,True,False,True,False,True,False,AUTOMATIC,CONVEYING,True,False,False,,,3,3,859,0.05
42.95,0.7999999999999997,1.7898560993203408e-06,False,False,False,True,False,True,False,True,False,AUTOMATIC,CONVEYING,True,False,False,,,3,3,860,0.05
43.0,0.7999999999999997,1.3423920744902556e-06,False,False,False,True,False,True,False,True,False,AUTOMATIC,CONVEYING,True,False,False,,,3,3,861,0.05
43.05,0.7999999999999997,1.0067940558676916e-06,False,False,False,True,False,True,False,True,False,AUTOMATIC,CONVEYING,True,False,False,,,3,3,862,0.05
43.1,0.7999999999999997,7.550955419007687e-07,False,False,False,True,False,True,False,True,False,AUTOMATIC,CONVEYING,True,False,False,,,3,3,863,0.05
43.15,0.7999999999999997,5.663216564255765e-07,False,False,False,True,False,True,False,True,False,AUTOMATIC,CONVEYING,True,False,False,,,3,3,864,0.05
43.2,0.7999999999999997,4.247412423191824e-07,False,False,False,True,False,True,False,True,False,AUTOMATIC,CONVEYING,True,False,False,,,3,3,865,0.05
43.25,0.7999999999999997,3.185559317393868e-07,False,False,False,True,False,True,False,True,False,AUTOMATIC,CONVEYING,True,False,False,,,3,3,866,0.05
43.3,0.7999999999999997,2.389169488045401e-07,False,False,False,True,False,True,False,True,False,AUTOMATIC,CONVEYING,True,False,False,,,3,3,867,0.05
43.35,0.7999999999999997,1.7918771160340506e-07,False,False,False,True,False,True,False,True,False,AUTOMATIC,CONVEYING,True,False,False,,,3,3,868,0.05
43.4,0.7999999999999997,1.343907837025538e-07,False,False,False,True,False,True,False,True,False,AUTOMATIC,CONVEYING,True,False,False,,,3,3,869,0.05
43.45,0.7999999999999997,1.0079308777691535e-07,False,False,False,True,False,True,False,True,False,AUTOMATIC,CONVEYING,True,False,False,,,3,3,870,0.05
43.5,0.7999999999999997,7.559481583268651e-08,False,False,False,True,False,True,False,True,False,AUTOMATIC,CONVEYING,True,False,False,,,3,3,871,0.05
43.55,0.7999999999999997,5.6696111874514884e-08,False,False,False,True,False,True,False,True,False,AUTOMATIC,CONVEYING,True,False,False,,,3,3,872,0.05
43.6,0.7999999999999997,4.2522083905886165e-08,False,False,False,True,False,True,False,True,False,AUTOMATIC,CONVEYING,True,False,False,,,3,3,873,0.05
43.65,0.7999999999999997,3.189156292941462e-08,False,False,False,True,False,True,False,True,False,AUTOMATIC,CONVEYING,True,False,False,,,3,3,874,0.05
43.7,0.7999999999999997,2.3918672197060966e-08,False,False,False,True,False,True,False,True,False,AUTOMATIC,CONVEYING,True,False,False,,,3,3,875,0.05
43.75,0.7999999999999997,1.7939004147795726e-08,False,False,False,True,False,True,False,True,False,AUTOMATIC,CONVEYING,True,False,False,,,3,3,876,0.05
43.8,0.7999999999999997,1.3454253110846795e-08,False,False,False,True,False,True,False,True,False,AUTOMATIC,CONVEYING,True,False,False,,,3,3,877,0.05
43.85,0.7999999999999997,1.0090689833135096e-08,False,False,False,True,False,True,False,True,False,AUTOMATIC,CONVEYING,True,False,False,,,3,3,878,0.05
43.9,0.7999999999999997,7.568017374851321e-09,False,False,False,True,False,True,False,True,False,AUTOMATIC,CONVEYING,True,False,False,,,3,3,879,0.05
43.95,0.7999999999999997,5.676013031138491e-09,False,False,False,True,False,True,False,True,False,AUTOMATIC,CONVEYING,True,False,False,,,3,3,880,0.05
44.0,0.7999999999999997,4.257009773353868e-09,False,False,False,True,False,True,False,True,False,AUTOMATIC,CONVEYING,True,False,False,,,3,3,881,0.05
44.05,0.7999999999999997,3.1927573300154012e-09,False,False,False,True,False,True,False,True,False,AUTOMATIC,CONVEYING,True,False,False,,,3,3,882,0.05
44.1,0.7999999999999997,2.394567997511551e-09,False,False,False,True,False,True,False,True,False,AUTOMATIC,CONVEYING,True,False,False,,,3,3,883,0.05
44.15,0.7999999999999997,1.7959259981336632e-09,False,False,False,True,False,True,False,True,False,AUTOMATIC,CONVEYING,True,False,False,,,3,3,884,0.05
44.2,0.7999999999999997,1.3469444986002473e-09,False,False,False,True,False,True,False,True,False,AUTOMATIC,CONVEYING,True,False,False,,,3,3,885,0.05
44.25,0.7999999999999997,1.0102083739501857e-09,False,False,False,True,False,True,False,True,False,AUTOMATIC,CONVEYING,True,False,False,,,3,3,886,0.05
44.3,0.7999999999999997,7.576562804626392e-10,False,False,False,True,False,True,False,True,False,AUTOMATIC,CONVEYING,True,False,False,,,3,3,887,0.05
44.35,0.7999999999999997,5.682422103469794e-10,False,False,False,True,False,True,False,True,False,AUTOMATIC,CONVEYING,True,False,False,,,3,3,888,0.05
44.4,0.7999999999999997,4.261816577602346e-10,False,False,False,True,False,True,False,True,False,AUTOMATIC,CONVEYING,True,False,False,,,3,3,889,0.05
44.45,0.7999999999999997,3.1963624332017595e-10,False,False,False,True,False,True,False,True,False,AUTOMATIC,CONVEYING,True,False,False,,,3,3,890,0.05
44.5,0.7999999999999997,2.3972718249013196e-10,False,False,False,True,False,True,False,True,False,AUTOMATIC,CONVEYING,True,False,False,,,3,3,891,0.05
44.55,0.7999999999999997,1.7979538686759898e-10,False,False,False,True,False,True,False,True,False,AUTOMATIC,CONVEYING,True,False,False,,,3,3,892,0.05
44.6,0.7999999999999997,1.3484654015069923e-10,False,False,False,True,False,True,False,True,False,AUTOMATIC,CONVEYING,True,False,False,,,3,3,893,0.05
44.65,0.7999999999999997,1.0113490511302442e-10,False,False,False,True,False,True,False,True,False,AUTOMATIC,CONVEYING,True,False,False,,,3,3,894,0.05
44.7,0.7999999999999997,7.585117883476831e-11,False,False,False,True,False,True,False,True,False,AUTOMATIC,CONVEYING,True,False,False,,,3,3,895,0.05
44.75,0.7999999999999997,5.6888384126076233e-11,False,False,False,True,False,True,False,True,False,AUTOMATIC,CONVEYING,True,False,False,,,3,3,896,0.05
44.8,0.7999999999999997,4.2666288094557177e-11,False,False,False,True,False,True,False,True,False,AUTOMATIC,CONVEYING,True,False,False,,,3,3,897,0.05
44.85,0.7999999999999997,3.199971607091788e-11,False,False,False,True,False,True,False,True,False,AUTOMATIC,CONVEYING,True,False,False,,,3,3,898,0.05
44.9,0.7999999999999997,2.3999787053188412e-11,False,False,False,True,False,True,False,True,False,AUTOMATIC,CONVEYING,True,False,False,,,3,3,899,0.05
44.95,0.7999999999999997,1.7999840289891308e-11,False,False,False,True,False,True,False,True,False,AUTOMATIC,CONVEYING,True,False,False,,,3,3,900,0.05
