method,time_s,reference,speed,command,error
Manual,0.0,0.0,0.0,0.0,0.0
Manual,0.01,0.0,0.0011277255783223143,0.062024906807727286,-0.0011277255783223143
Manual,0.02,0.0,0.0011072214768982722,0.0,-0.0011072214768982722
Manual,0.03,0.0,0.0012994049416341163,0.011677312037369695,-0.0012994049416341163
Manual,0.04,0.0,0.001394708545132802,0.006541103134061827,-0.001394708545132802
Manual,0.05,0.0,0.0013852758881434189,0.0008759124107167363,-0.0013852758881434189
Manual,0.06,0.0,0.001944133638477623,0.03212245215652465,-0.001944133638477623
Manual,0.07,0.0,0.0019087857541416663,0.0,-0.0019087857541416663
Manual,0.08,0.0,0.0020097681031274106,0.00746281494835759,-0.0020097681031274106
Manual,0.09,0.0,0.0019732268648887303,0.0,-0.0019732268648887303
Manual,0.1,0.0,0.0019691081477965352,0.0017466974248180104,-0.0019691081477965352
Manual,0.11,0.0,0.0021270048111604817,0.01065342463281359,-0.0021270048111604817
Manual,0.12,0.0,0.0022069000375202676,0.006521242260948698,-0.0022069000375202676
Manual,0.13,0.0,0.0023790185506554168,0.01167341825995348,-0.0023790185506554168
Manual,0.14,0.0,0.0026255751471171065,0.01593963135604834,-0.0026255751471171065
Manual,0.15,0.0,0.002602801302037428,0.0013730136677347887,-0.002602801302037428
Manual,0.16,0.0,0.002555477642000384,0.0,-0.002555477642000384
Manual,0.17,0.0,0.00255812447078612,0.002701053225215866,-0.00255812447078612
Manual,0.18,0.0,0.002511613116771827,0.0,-0.002511613116771827
Manual,0.19,0.0,0.002571530100085867,0.005807047199044034,-0.002571530100085867
Manual,0.2,0.0,0.002534775042685154,0.0005500019430466562,-0.002534775042685154
Manual,0.21,0.0,0.002488688223727242,0.0,-0.002488688223727242
Manual,0.22,0.0,0.0024434393469322017,0.0,-0.0024434393469322017
Manual,0.23,0.0,0.002673812562254809,0.015113966189675603,-0.002673812562254809
Manual,0.24,0.0,0.002729277162657752,0.005724365584416665,-0.002729277162657752
Manual,0.25,0.0,0.00267965394151852,0.0,-0.00267965394151852
Manual,0.26,0.0,0.002630932960763638,0.0,-0.002630932960763638
Manual,0.27,0.0,0.0028360012852982745,0.013909690810168645,-0.0028360012852982745
Manual,0.28,0.0,0.0029612794677516983,0.009726301320236592,-0.0029612794677516983
Manual,0.29,0.0,0.0029074380228834855,0.0,-0.0029074380228834855
Manual,0.3,0.0,0.0032474279173126523,0.021606882216487662,-0.0032474279173126523
Manual,0.31,0.0,0.0033045173135474977,0.0063873447102291495,-0.0033045173135474977
Manual,0.32,0.0,0.003244435180573907,0.0,-0.003244435180573907
Manual,0.33,0.0,0.0031854454500180175,0.0,-0.0031854454500180175
Manual,0.34,0.0,0.0031970324930568287,0.003822732817152636,-0.0031970324930568287
Manual,0.35000000000000003,0.0,0.0031389046295467044,0.0,-0.0031389046295467044
Manual,0.36,0.0,0.0040857465800904335,0.055215211909451826,-0.0040857465800904335
Manual,0.37,0.0,0.004011460278634244,0.0,-0.004011460278634244
Manual,0.38,0.0,0.004248572947226945,0.017052657051232822,-0.004248572947226945
Manual,0.39,0.0,0.004652860747434454,0.026484401958639915,-0.004652860747434454
Manual,0.4,0.0,0.004568263279299282,0.0,-0.004568263279299282
Manual,0.41000000000000003,0.0,0.004485203946948386,0.0,-0.004485203946948386
Manual,0.42,0.0,0.004569878835838806,0.009142322835921448,-0.004569878835838806
Manual,0.43,0.0,0.004829176874831492,0.018831270980436552,-0.004829176874831492
Manual,0.44,0.0,0.004741373658925465,0.0,-0.004741373658925465
Manual,0.45,0.0,0.00465516686512682,0.0,-0.00465516686512682
Manual,0.46,0.0,0.004570527467579059,0.0,-0.004570527467579059
Manual,0.47000000000000003,0.0,0.004487426968168531,0.0,-0.004487426968168531
Manual,0.48,0.0,0.004477141338690995,0.0039217173469040904,-0.004477141338690995
Manual,0.49,0.0,0.004395738768896614,0.0,-0.004395738768896614
Manual,0.5,0.8,0.022497634427643944,1.0,0.7775023655723561
Manual,0.51,0.8,0.04027040471077769,1.0,0.7597295952892223
Manual,0.52,0.8,0.057720033716036276,1.0,0.7422799662839638
Manual,0.53,0.8,0.07485239673938107,1.0,0.725147603260619
Manual,0.54,0.8,0.09167326225321051,1.0,0.7083267377467896
Manual,0.55,0.8,0.10818829384860668,1.0,0.6918117061513933
Manual,0.56,0.8,0.12440305214226838,1.0,0.6755969478577317
Manual,0.5700000000000001,0.8,0.1403229966487726,1.0,0.6596770033512275
Manual,0.58,0.8,0.1559534876187949,1.0,0.6440465123812051
Manual,0.59,0.8,0.17129978784390773,1.0,0.6287002121560923
Manual,0.6,0.8,0.18636706442856396,1.0,0.6136329355714361
Manual,0.61,0.8,0.2011603905298628,1.0,0.5988396094701373
Manual,0.62,0.8,0.21568474706568347,1.0,0.5843152529343165
Manual,0.63,0.8,0.22994502439176195,1.0,0.570054975608238
Manual,0.64,0.8,0.24394602394827536,1.0,0.5560539760517247
Manual,0.65,0.8,0.25769245987648853,1.0,0.5423075401235116
Manual,0.66,0.8,0.2711830519352513,0.9996750231084407,0.5288169480647488
Manual,0.67,0.8,0.28416173632262987,0.9850106932410742,0.5158382636773702
Manual,0.68,0.8,0.29717697748040023,1.0,0.5028230225195998
Manual,0.6900000000000001,0.8,0.3097507052333965,0.9887320038951932,0.49024929476660356
Manual,0.7000000000000001,0.8,0.32165715528900163,0.964605458291681,0.4783428447109984
Manual,0.71,0.8,0.33353203969662315,0.9747757977081839,0.4664679603033769
Manual,0.72,0.8,0.3443091751973819,0.9262744922383537,0.45569082480261813
Manual,0.73,0.8,0.3557503248059662,0.9735724036695169,0.44424967519403386
Manual,0.74,0.8,0.366244544236537,0.9329323934873612,0.433755455763463
Manual,0.75,0.8,0.37689111206319537,0.9518057747027465,0.4231088879368047
Manual,0.76,0.8,0.38636487112625933,0.897947860531713,0.4136351288737407
Manual,0.77,0.8,0.39611291931649095,0.9225075215889972,0.4038870806835091
Manual,0.78,0.8,0.4056527485044413,0.9208035246537578,0.39434725149555877
Manual,0.79,0.8,0.41529050463106465,0.9357293354687284,0.3847094953689354
Manual,0.8,0.8,0.4234516149421489,0.864151571740698,0.37654838505785115
Manual,0.81,0.8,0.43180976199087684,0.8831497026221847,0.3681902380091232
Manual,0.8200000000000001,0.8,0.4399502938180678,0.8795390124863768,0.36004970618193227
Manual,0.8300000000000001,0.8,0.44774678137855534,0.868757109644885,0.3522532186214447
Manual,0.84,0.8,0.45559764982197015,0.8795445457663696,0.3444023501780299
Manual,0.85,0.8,0.46349963771784325,0.8902069840949909,0.3365003622821568
Manual,0.86,0.8,0.471136409534486,0.8835220876331947,0.32886359046551406
Manual,0.87,0.8,0.47848532908749164,0.8753269849497971,0.3215146709125084
Manual,0.88,0.8,0.484893432536797,0.8309310187992878,0.31510656746320304
Manual,0.89,0.8,0.4921239156901189,0.8825700059694999,0.30787608430988117
Manual,0.9,0.8,0.4987595210758859,0.8570822119073036,0.30124047892411415
Manual,0.91,0.8,0.5051016129325492,0.847574573192366,0.29489838706745086
Manual,0.92,0.8,0.5110971025732708,0.8348535431722378,0.28890289742672925
Manual,0.93,0.8,0.5168507289869178,0.8275465553238567,0.2831492710130823
Manual,0.9400000000000001,0.8,0.5230646503442424,0.8586164036397724,0.2769353496557576
Manual,0.9500000000000001,0.8,0.5291648308447152,0.8585745778702458,0.2708351691552848
Manual,0.96,0.8,0.5344597014178767,0.8203827123685967,0.26554029858212336
Manual,0.97,0.8,0.5392783648918694,0.7994861924874744,0.2607216351081306
Manual,0.98,0.8,0.544222303485351,0.8111949875333619,0.255777696514649
Manual,0.99,0.8,0.5492428585179626,0.8203528302789891,0.2507571414820374
Manual,1.0,0.8,0.5542843819066053,0.8265266448933104,0.2457156180933947
Manual,1.01,0.8,0.5589540662803756,0.8111170224639664,0.24104593371962446
Manual,1.02,0.8,0.5636798734289877,0.8188734594540449,0.2363201265710123
Manual,1.03,0.8,0.5679160135598119,0.7966675806243204,0.23208398644018813
Manual,1.04,0.8,0.5725995556118794,0.8255108264235221,0.22740044438812068
Manual,1.05,0.8,0.5767911856579956,0.8031392081482693,0.22320881434200446
Manual,1.06,0.8,0.5809632404811756,0.8062542009328977,0.2190367595188244
Manual,1.07,0.8,0.5848111878454167,0.7926003455144388,0.2151888121545833
Manual,1.08,0.8,0.5886970290136792,0.798532452099848,0.2113029709863209
Manual,1.09,0.8,0.5917502533208348,0.7566243659072348,0.2082497466791653
Manual,1.1,0.8,0.5952120673504638,0.7821500249504322,0.2047879326495362
Manual,1.11,0.8,0.5986142695808319,0.7823331900207049,0.20138573041916819
Manual,1.12,0.8,0.603064020668245,0.8433505793885581,0.196935979331755
Manual,1.1300000000000001,0.8,0.6066407027868348,0.7997815371906838,0.19335929721316525
Manual,1.1400000000000001,0.8,0.6101828168889468,0.8014569784029967,0.18981718311105322
Manual,1.1500000000000001,0.8,0.6132391976415557,0.7782837582824297,0.1867608023584444
Manual,1.16,0.8,0.6171595479154476,0.8288584627056095,0.18284045208455246
Manual,1.17,0.8,0.6197380420910286,0.7589767275724024,0.18026195790897148
Manual,1.18,0.8,0.6224190755223095,0.7671948808114778,0.17758092447769058
Manual,1.19,0.8,0.6258587844920568,0.8116030688584114,0.17414121550794326
Manual,1.2,0.8,0.6290027699242697,0.7987779832637676,0.1709972300757303
Manual,1.21,0.8,0.6319664621713503,0.7920058435137021,0.16803353782864971
Manual,1.22,0.8,0.6345733335285527,0.7753443868174797,0.16542666647144733
Manual,1.23,0.8,0.6369735166602253,0.7665834057705435,0.16302648333977476
Manual,1.24,0.8,0.6389405991824695,0.7451630553836546,0.16105940081753056
Manual,1.25,0.8,0.6417076896496986,0.791130574880068,0.15829231035030145
Manual,1.26,0.8,0.6440422313615067,0.7701074837991483,0.1559577686384933
Manual,1.27,0.8,0.6465406435096862,0.7814548995113778,0.15345935649031384
Manual,1.28,0.8,0.6484497394131107,0.7515409181980307,0.15155026058688936
Manual,1.29,0.8,0.6507285736019762,0.7737856198007157,0.14927142639802382
Manual,1.3,0.8,0.6527481851483913,0.7618072086548021,0.14725181485160876
Manual,1.31,0.8,0.6555308739051432,0.8057960667697476,0.14446912609485685
Manual,1.32,0.8,0.6578302186244993,0.7819948334697321,0.14216978137550074
Manual,1.33,0.8,0.660244622584273,0.7906224364120523,0.13975537741572708
Manual,1.34,0.8,0.6618126887953041,0.7464882641909816,0.13818731120469596
Manual,1.35,0.8,0.6637317487087913,0.7673609840371011,0.1362682512912088
Manual,1.36,0.8,0.6659307398915701,0.7846762637616298,0.1340692601084299
Manual,1.37,0.8,0.6680750562953499,0.7838681420994577,0.13192494370465013
Manual,1.3800000000000001,0.8,0.6698335533821594,0.7647923960698713,0.1301664466178406
Manual,1.3900000000000001,0.8,0.6719646582252505,0.7870443197521672,0.1280353417747495
Manual,1.4000000000000001,0.8,0.6740652741603796,0.7874985346573546,0.1259347258396204
Manual,1.41,0.8,0.6756237909485681,0.7597836975107398,0.12437620905143199
Manual,1.42,0.8,0.6765867248776473,0.7285851570479229,0.12341327512235278
Manual,1.43,0.8,0.6785595807003157,0.785093795124415,0.1214404192996843
Manual,1.44,0.8,0.680516830407672,0.7862083146049073,0.11948316959232808
Manual,1.45,0.8,0.6825612897713004,0.7929620954072322,0.11743871022869967
Manual,1.46,0.8,0.6845315991076126,0.7909283032684767,0.11546840089238741
Manual,1.47,0.8,0.685810123325386,0.7548504310851477,0.114189876674614
Manual,1.48,0.8,0.6870455788855938,0.7537601791368138,0.11295442111440623
Manual,1.49,0.8,0.6885987514082734,0.7724700676329709,0.11140124859172662
Manual,1.5,0.8,0.6900106687684892,0.7662542062201372,0.10998933123151089
Manual,1.51,0.8,0.6914802464284249,0.7708374400649529,0.10851975357157517
Manual,1.52,0.8,0.6929102998823313,0.7701331863932779,0.10708970011766872
Manual,1.53,0.8,0.6948377377470792,0.7989193824434686,0.1051622622529208
Manual,1.54,0.8,0.696276966919788,0.7739953422460611,0.10372303308021202
Manual,1.55,0.8,0.697509508213393,0.7640667380680587,0.10249049178660707
Manual,1.56,0.8,0.6990405257239414,0.781715471293553,0.10095947427605867
Manual,1.57,0.8,0.7004097249160366,0.7743464812891762,0.09959027508396345
Manual,1.58,0.8,0.7018595593266748,0.7801506175011343,0.09814044067332528
Manual,1.59,0.8,0.7031044170566823,0.7703267344770843,0.09689558294331779
Manual,1.6,0.8,0.7039692930927847,0.7506725990423132,0.09603070690721538
Manual,1.61,0.8,0.7053087896678529,0.7776416047215388,0.09469121033214711
Manual,1.62,0.8,0.706516893098476,0.7717544783521186,0.09348310690152406
Manual,1.6300000000000001,0.8,0.7073979986853333,0.7549777003756245,0.09260200131466678
Manual,1.6400000000000001,0.8,0.7083836889241282,0.7616109618190524,0.09161631107587187
Manual,1.6500000000000001,0.8,0.7090517228238512,0.7451255534088943,0.09094827717614884
Manual,1.6600000000000001,0.8,0.7109960734337356,0.8159910063674907,0.08900392656626444
Manual,1.67,0.8,0.7117747523547551,0.7538234140898082,0.08822524764524498
Manual,1.68,0.8,0.7130381205942573,0.7812600055273803,0.08696187940574274
Manual,1.69,0.8,0.714040852810177,0.7681883924698438,0.085959147189823
Manual,1.7,0.8,0.7148192654102425,0.7568535458137827,0.0851807345897575
Manual,1.71,0.8,0.7155652420812357,0.7558479823148704,0.08443475791876431
Manual,1.72,0.8,0.7163670845506348,0.7596665778981831,0.08363291544936524
Manual,1.73,0.8,0.7174670086025313,0.7768629074049445,0.08253299139746872
Manual,1.74,0.8,0.7180495313168682,0.7495057578910604,0.08195046868313183
Manual,1.75,0.8,0.7192958553287762,0.7865973519718055,0.08070414467122389
Manual,1.76,0.8,0.7203948441221438,0.7797402389639966,0.07960515587785622
Manual,1.77,0.8,0.7211371136946061,0.7612196706075657,0.07886288630539395
Manual,1.78,0.8,0.7223326404033791,0.7868910826771183,0.07766735959662097
Manual,1.79,0.8,0.722584126444456,0.7361643726626093,0.07741587355554402
Manual,1.8,0.8,0.7233369767379264,0.7639908925853274,0.07666302326207364
Manual,1.81,0.8,0.7237265799117201,0.7447651512965767,0.07627342008827998
Manual,1.82,0.8,0.7248951746121934,0.7879992884377551,0.0751048253878066
Manual,1.83,0.8,0.7260631387329719,0.7891332012550082,0.07393686126702814
Manual,1.84,0.8,0.7269546038449574,0.7750937198921722,0.07304539615504269
Manual,1.85,0.8,0.7276377909085394,0.7645298923419716,0.07236220909146063
Manual,1.86,0.8,0.7287578518199498,0.7892411410361091,0.07124214818005026
Manual,1.87,0.8,0.7294828544399599,0.7686329959205067,0.07051714556004018
Manual,1.8800000000000001,0.8,0.7303432377822086,0.7768039382636371,0.06965676221779149
Manual,1.8900000000000001,0.8,0.730661319199224,0.7478377157180522,0.0693386808007761
Manual,1.9000000000000001,0.8,0.7317990408451128,0.7932360097231106,0.06820095915488722
Manual,1.9100000000000001,0.8,0.732288816515767,0.7587367027310956,0.067711183484233
Manual,1.92,0.8,0.7333659997649998,0.7915338952235689,0.06663400023500021
Manual,1.93,0.8,0.734448588229621,0.7929083653191666,0.06555141177037904
Manual,1.94,0.8,0.7353639953811467,0.7847959815635359,0.06463600461885333
Manual,1.95,0.8,0.7363887474728515,0.791725360424914,0.0636112525271485
Manual,1.96,0.8,0.7369244736595746,0.7658536877426172,0.06307552634042546
Manual,1.97,0.8,0.7372328492246121,0.753885129736638,0.06276715077538797
Manual,1.98,0.8,0.7379103193700229,0.7744937072222079,0.062089680629977106
Manual,1.99,0.8,0.7384360646055593,0.7668263073245232,0.061563935394440716
Manual,2.0,0.8,0.7386706115825975,0.7513361483426575,0.06132938841740254
Manual,2.0100000000000002,0.8,0.7394247694173939,0.7801492924964002,0.060575230582606165
Manual,2.02,0.8,0.7401564328469721,0.7796662580441935,0.059843567153027966
Manual,2.0300000000000002,0.8,0.74099889404903,0.7864917989601531,0.05900110595097008
Manual,2.04,0.8,0.7422004058315441,0.8070820420873077,0.057799594168455926
Manual,2.05,0.8,0.7425124055217633,0.7593603887936025,0.0574875944782367
Manual,2.06,0.8,0.7437003247196902,0.8078479614077368,0.05629967528030988
Manual,2.07,0.8,0.7439896174939827,0.7596114273057843,0.05601038250601731
Manual,2.08,0.8,0.7445765271970561,0.7762696511630179,0.05542347280294391
Manual,2.09,0.8,0.7448064010596629,0.7572195896404261,0.05519359894033715
Manual,2.1,0.8,0.7454975709610974,0.7828207456385611,0.05450242903890268
Manual,2.11,0.8,0.7463900231444607,0.7945824410460777,0.053609976855539365
Manual,2.12,0.8,0.746826963281615,0.77042173068795,0.053173036718385025
Manual,2.13,0.8,0.7475857891861478,0.7885623880309179,0.052414210813852224
Manual,2.14,0.8,0.7481744827380248,0.7799639345393792,0.05182551726197526
Manual,2.15,0.8,0.7486859237884087,0.7763037405091402,0.05131407621159134
Manual,2.16,0.8,0.7492625044258046,0.7803978588451788,0.05073749557419549
Manual,2.17,0.8,0.7498465728254073,0.7813862664039558,0.0501534271745927
Manual,2.18,0.8,0.7506210627527206,0.7924435188276365,0.049378937247279486
Manual,2.19,0.8,0.7511337708932911,0.7788200104841044,0.0488662291067089
Manual,2.2,0.8,0.7522692462989494,0.8135849182044985,0.04773075370105062
Manual,2.21,0.8,0.7526361977487223,0.7724515760364548,0.04736380225127779
Manual,2.22,0.8,0.7533839014913131,0.7937599035912187,0.046616098508686976
Manual,2.23,0.8,0.7533527679236138,0.751671555267857,0.046647232076386214
Manual,2.24,0.8,0.7534138472541654,0.7567121311039507,0.046586152745834664
Manual,2.25,0.8,0.7545903927275367,0.8181238482895901,0.04540960727246335
Manual,2.2600000000000002,0.8,0.7549271639663994,0.773112810864986,0.04507283603360068
Manual,2.27,0.8,0.7553887779067763,0.7803159306871287,0.04461122209322377
Manual,2.2800000000000002,0.8,0.7561437255945906,0.7969109007365659,0.0438562744054094
Manual,2.29,0.8,0.7563315054425219,0.7664716172308103,0.04366849455747812
Manual,2.3000000000000003,0.8,0.7569037758558419,0.7878063781751227,0.043096224144158146
Manual,2.31,0.8,0.757857927250671,0.8093821025714448,0.04214207274932902
Manual,2.32,0.8,0.7582193542266149,0.7777364109275847,0.04178064577338514
Manual,2.33,0.8,0.7585761252577087,0.7778417609367743,0.04142387474229137
Manual,2.34,0.8,0.7588799592644706,0.7752869956296143,0.04112004073552944
Manual,2.35,0.8,0.7596405734215926,0.8007137379061818,0.04035942657840741
Manual,2.36,0.8,0.7597387675546715,0.7650412507409332,0.04026123244532853
Manual,2.37,0.8,0.7598835087511452,0.7676995333607248,0.04011649124885486
Manual,2.38,0.8,0.760683630908569,0.8038902274094588,0.03931636909143099
Manual,2.39,0.8,0.7612280922911356,0.7906290069497286,0.038771907708864406
Manual,2.4,0.8,0.7615588629665571,0.7794204794393141,0.038441137033442985
Manual,2.41,0.8,0.7620641140636807,0.7893476733083593,0.03793588593631936
Manual,2.42,0.8,0.7618158896298788,0.7484117702045744,0.03818411037012126
Manual,2.43,0.8,0.7622070122905381,0.7833276359661401,0.037792987709461934
Manual,2.44,0.8,0.7629670805009853,0.8040107638651327,0.03703291949901477
Manual,2.45,0.8,0.7635549497182216,0.7952998874489817,0.03644505028177847
Manual,2.46,0.8,0.7638616668251321,0.7804243905983028,0.03613833317486792
Manual,2.47,0.8,0.7634456875233332,0.7409828052261935,0.03655431247666685
Manual,2.48,0.8,0.7639974937034001,0.7937950274270098,0.036002506296599956
Manual,2.49,0.8,0.7643880320848041,0.7854771046806225,0.03561196791519594
Manual,2.5,0.8,0.7646368917289705,0.7780753125139565,0.03536310827102951
Manual,2.5100000000000002,0.8,0.7650759581709283,0.7887855460366475,0.03492404182907172
Manual,2.52,0.8,0.7647500773144005,0.7471525110618947,0.035249922685599566
Manual,2.5300000000000002,0.8,0.7654631782331578,0.8039706278460534,0.03453682176684225
Manual,2.54,0.8,0.7656611054163729,0.7763491733099881,0.034338894583627155
Manual,2.5500000000000003,0.8,0.7660653619823031,0.7878952165425351,0.033934638017696916
Manual,2.56,0.8,0.7662942027758236,0.7786516056259314,0.03370579722417644
Manual,2.57,0.8,0.767104879418211,0.8108814181071333,0.032895120581789006
Manual,2.58,0.8,0.7668604143526606,0.7536593008129406,0.03313958564733943
Manual,2.59,0.8,0.7673498102230455,0.7937771872238264,0.03265018977695455
Manual,2.6,0.8,0.7677369154989151,0.7886406003958732,0.03226308450108495
Manual,2.61,0.8,0.7684065118125069,0.8045647127464632,0.03159348818749319
Manual,2.62,0.8,0.7689229676401516,0.7968115823329639,0.03107703235984849
Manual,2.63,0.8,0.7689879140936396,0.772495022581999,0.031012085906360398
Manual,2.64,0.8,0.7689865769879128,0.7689143732786634,0.031013423012087205
Manual,2.65,0.8,0.7691321440510336,0.7769927654595521,0.03086785594896646
Manual,2.66,0.8,0.7691627789676345,0.7708170644640828,0.030837221032365525
Manual,2.67,0.8,0.7694014908524416,0.7822919326320251,0.03059850914755846
Manual,2.68,0.8,0.7698530669132956,0.7942381741994101,0.030146933086704464
Manual,2.69,0.8,0.7699957381553947,0.7776999852287477,0.030004261844605362
Manual,2.7,0.8,0.7702400956365401,0.7834353996183908,0.029759904363459988
Manual,2.71,0.8,0.7707010810860071,0.7955942953572277,0.029298918913992944
Manual,2.72,0.8,0.7708472539575634,0.7787405890216044,0.029152746042436672
Manual,2.73,0.8,0.7708429306049782,0.7706094695653785,0.02915706939502183
Manual,2.74,0.8,0.7712283195635321,0.7920393233254448,0.02877168043646794
Manual,2.75,0.8,0.7717587952220284,0.8004044807808306,0.02824120477797165
Manual,2.7600000000000002,0.8,0.7718787355064166,0.7783555108633801,0.02812126449358343
Manual,2.77,0.8,0.7716588986151058,0.7597877064843225,0.028341101384894207
Manual,2.7800000000000002,0.8,0.7722143663385215,0.8022096234029636,0.02778563366147857
Manual,2.79,0.8,0.7726450213420396,0.7959003915320189,0.027354978657960438
Manual,2.8000000000000003,0.8,0.7730415552549136,0.7944543865501071,0.026958444745086463
Manual,2.81,0.8,0.7729738641021433,0.7693185418525463,0.02702613589785674
Manual,2.82,0.8,0.7739499155048919,0.8266566912533132,0.02605008449510815
Manual,2.83,0.8,0.7740517474950885,0.7795506749657062,0.025948252504911506
Manual,2.84,0.8,0.7739403059411611,0.767922462029084,0.0260596940588389
Manual,2.85,0.8,0.7745528989357173,0.8076329206417537,0.025447101064282718
Manual,2.86,0.8,0.7743468828768609,0.7632220156986169,0.025653117123139113
Manual,2.87,0.8,0.7745532679615196,0.7856980625330888,0.02544673203848047
Manual,2.88,0.8,0.7751019271240619,0.8047295219013495,0.02489807287593815
Manual,2.89,0.8,0.7753314521312222,0.7877258025178777,0.024668547868777813
Manual,2.9,0.8,0.7761126551189063,0.8182976164538428,0.023887344881093786
Manual,2.91,0.8,0.7764592338082291,0.7951744830316665,0.023540766191770923
Manual,2.92,0.8,0.7760382573500814,0.7533055286101001,0.023961742649918683
Manual,2.93,0.8,0.7766448524322415,0.8094009868688844,0.023355147567758583
Manual,2.94,0.8,0.776291995573561,0.7572377252048175,0.023708004426439055
Manual,2.95,0.8,0.7766890451419163,0.7981297218331033,0.023310954858083766
Manual,2.96,0.8,0.7766936818242745,0.7769440626716172,0.023306318175725593
Manual,2.97,0.8,0.7770442235513911,0.7959734768156893,0.02295577644860891
Manual,2.98,0.8,0.778074469821105,0.833707768385652,0.021925530178895092
Manual,2.99,0.8,0.7783801344876209,0.7948860264794803,0.021619865512379155
Manual,3.0,0.8,0.778440563549602,0.7817037328965801,0.02155943645039804
Manual,3.0100000000000002,0.8,0.7789764463292425,0.8079141164298291,0.02102355367075759
Manual,3.02,0.8,0.7795066081847938,0.8081353483845658,0.020493391815206263
Manual,3.0300000000000002,0.8,0.7794359092409359,0.7756181662726077,0.02056409075906418
Manual,3.04,0.8,0.7797730251142218,0.7979772822716606,0.020226974885778293
Manual,3.0500000000000003,0.8,0.7804194534993514,0.8153265862963497,0.019580546500648666
Manual,3.06,0.8,0.7806535317617127,0.793293757929222,0.01934646823828734
Manual,3.0700000000000003,0.8,0.7804135933394053,0.7674569185348069,0.019586406660594746
Manual,3.08,0.8,0.7807170631293064,0.7971044317839692,0.0192829368706936
Manual,3.09,0.8,0.7805539566429087,0.7717462063774291,0.019446043357091325
Manual,3.1,0.8,0.780293628316188,0.766235898673271,0.019706371683812063
Manual,3.11,0.8,0.7806066060610779,0.7975074042851341,0.019393393938922143
Manual,3.12,0.8,0.7812404348565407,0.8154671898115307,0.018759565143459334
Manual,3.13,0.8,0.7818121660016201,0.8126856478359084,0.018187833998379976
Manual,3.14,0.8,0.781892817267161,0.7862479856063708,0.018107182732839067
Manual,3.15,0.8,0.7817238248547707,0.7725982345856935,0.01827617514522939
Manual,3.16,0.8,0.7818382033858968,0.7880146440667088,0.01816179661410322
Manual,3.17,0.8,0.7818765731081714,0.7839485381109957,0.018123426891828665
Manual,3.18,0.8,0.7822555821540703,0.8027220706326103,0.017744417845929727
Manual,3.19,0.8,0.7823436665405201,0.7871002234088108,0.017656333459479923
Manual,3.2,0.8,0.7826941395715429,0.8016196832467735,0.017305860428457165
Manual,3.21,0.8,0.7829526959924991,0.7969147427241303,0.017047304007500985
Manual,3.22,0.8,0.7834970097376306,0.8128899519747345,0.016502990262369455
Manual,3.23,0.8,0.7840443536006635,0.813600922204442,0.015955646399336554
Manual,3.24,0.8,0.7841704493132238,0.7909796177914767,0.015829550686776273
Manual,3.25,0.8,0.7845240122941887,0.8036164132662924,0.015475987705811378
Manual,3.2600000000000002,0.8,0.7848017138263119,0.7997975965609654,0.015198286173688125
Manual,3.27,0.8,0.7845558370960778,0.771278493663437,0.015444162903922254
Manual,3.2800000000000002,0.8,0.7846696515475762,0.7908156319284891,0.01533034845242387
Manual,3.29,0.8,0.7838442061287998,0.7392701535148745,0.016155793871200252
Manual,3.3000000000000003,0.8,0.7838800828974805,0.7858174284062368,0.016119917102519588
Manual,3.31,0.8,0.7844111958622333,0.8130912959588876,0.015588804137766754
Manual,3.3200000000000003,0.8,0.7843831934793865,0.78287106480566,0.015616806520613591
Manual,3.33,0.8,0.7845202918216542,0.7919236023041104,0.015479708178345875
Manual,3.34,0.8,0.7849759191677176,0.8095797958551405,0.01502408083228246
Manual,3.35,0.8,0.7847825973505227,0.7743432192219958,0.015217402649477352
Manual,3.36,0.8,0.7852606753289674,0.811076886164982,0.014739324671032672
Manual,3.37,0.8,0.7863700507667721,0.8462763244082284,0.013629949233227912
Manual,3.38,0.8,0.7860350728947515,0.7679462678056346,0.013964927105248548
Manual,3.39,0.8,0.7862841523146399,0.7997344409886109,0.01371584768536016
Manual,3.4,0.8,0.785852107651689,0.7625216958523423,0.014147892348311042
Manual,3.41,0.8,0.786238972641442,0.8071296820881071,0.013761027358557998
Manual,3.42,0.8,0.7867273970160553,0.8131023132451712,0.013272602983944726
Manual,3.43,0.8,0.786271288583604,0.7616414332312273,0.013728711416396089
Manual,3.44,0.8,0.7867927634152414,0.8149524043236661,0.013207236584758641
Manual,3.45,0.8,0.7868108020049204,0.7877848858475844,0.013189197995079671
Manual,3.46,0.8,0.7864659320724184,0.7678429557173142,0.013534067927581606
Manual,3.47,0.8,0.7866546297211738,0.7968443027539676,0.013345370278826207
Manual,3.48,0.8,0.786877656059333,0.7989210783199302,0.013122343940667025
Manual,3.49,0.8,0.7870108919202082,0.7942056284074709,0.012989108079791811
Manual,3.5,0.8,0.7869044724909827,0.7811578233128079,0.013095527509017324
Manual,3.5100000000000002,0.8,0.7873677464768389,0.8123845417130758,0.012632253523161108
Manual,3.52,0.8,0.7872931833577977,0.7832667749295709,0.012706816642202301
Manual,3.5300000000000002,0.8,0.7872762933160297,0.7863642310605505,0.012723706683970382
Manual,3.54,0.8,0.7867327522287557,0.7573815335159638,0.013267247771244328
Manual,3.5500000000000003,0.8,0.7871804292770302,0.8113549898838568,0.012819570722969797
Manual,3.56,0.8,0.7877081289395299,0.8162039107145102,0.012291871060470139
Manual,3.5700000000000003,0.8,0.7876059751770025,0.7820896720005207,0.012394024822997562
Manual,3.58,0.8,0.7879140332027599,0.8045491665936577,0.012085966797240166
Manual,3.59,0.8,0.7879546614385549,0.7901485861714812,0.012045338561445185
Manual,3.6,0.8,0.7880627471748884,0.7938993769369023,0.0119372528251116
Manual,3.61,0.8,0.7878434253995596,0.7760000495318048,0.012156574600440395
Manual,3.62,0.8,0.7882769064575411,0.8116848835885391,0.011723093542458929
Manual,3.63,0.8,0.7884455085196911,0.7975500198757881,0.01155449148030896
Manual,3.64,0.8,0.7893766155651689,0.8396563960209713,0.010623384434831129
Manual,3.65,0.8,0.7895902047027029,0.8011240181295364,0.01040979529729713
Manual,3.66,0.8,0.7890360393525355,0.7591111104434947,0.010963960647464521
Manual,3.67,0.8,0.7893601406237732,0.8068616092706123,0.010639859376226801
Manual,3.68,0.8,0.7896393190639864,0.804714954835496,0.010360680936013611
Manual,3.69,0.8,0.790046387804321,0.8120280997823863,0.009953612195679029
Manual,3.7,0.8,0.7898239407551959,0.7778118001024391,0.010176059244804136
Manual,3.71,0.8,0.7898212354914144,0.7896751512472135,0.01017876450858568
Manual,3.72,0.8,0.7902785282585155,0.8149723376819804,0.009721471741484522
Manual,3.73,0.8,0.7900670159717729,0.7786453524876698,0.009932984028227176
Manual,3.74,0.8,0.79006775999402,0.7901079371953666,0.009932240005980031
Manual,3.75,0.8,0.7899356307624265,0.7828006522563724,0.01006436923757359
Manual,3.7600000000000002,0.8,0.7902954701215839,0.8097267955160831,0.00970452987841619
Manual,3.77,0.8,0.789833290553436,0.7648755938734513,0.01016670944656406
Manual,3.7800000000000002,0.8,0.789921858595834,0.794704532885323,0.010078141404166074
Manual,3.79,0.8,0.7901627179331839,0.8031691221500842,0.009837282066816111
Manual,3.8000000000000003,0.8,0.7904825692705996,0.807754541491046,0.009517430729400478
Manual,3.81,0.8,0.7906552104746245,0.7999778354919709,0.00934478952537554
Manual,3.8200000000000003,0.8,0.7904605000357819,0.7799461363382817,0.009539499964218101
Manual,3.83,0.8,0.7906914215589418,0.8031611838095749,0.009308578441058257
Manual,3.84,0.8,0.7904577571056,0.7778398766251435,0.009542242894400088
Manual,3.85,0.8,0.7904560036920458,0.7903613193601225,0.009543996307954217
Manual,3.86,0.8,0.7902237449443381,0.777681772568123,0.009776255055661931
Manual,3.87,0.8,0.7902241275341662,0.7902447873848834,0.00977587246583389
Manual,3.88,0.8,0.7905038457062927,0.8056086270011271,0.009496154293707315
Manual,3.89,0.8,0.7913032752482286,0.8344724705127684,0.008696724751771412
Manual,3.9,0.8,0.7912276476789095,0.787143758935677,0.008772352321090526
Manual,3.91,0.8,0.791046341978383,0.7812558341499493,0.008953658021617072
Manual,3.92,0.8,0.7911302781518882,0.7956628315211672,0.008869721848111856
Manual,3.93,0.8,0.7910865818266354,0.7887269802629808,0.008913418173364662
Manual,3.94,0.8,0.7913944015664064,0.8080166675140429,0.008605598433593653
Manual,3.95,0.8,0.7916141572885721,0.8034809662855212,0.008385842711427949
Manual,3.96,0.8,0.79197960099378,0.8117135610750054,0.008020399006220091
Manual,3.97,0.8,0.7915547867151287,0.7686148156679629,0.008445213284871356
Manual,3.98,0.8,0.7916403345875969,0.7962599197008786,0.008359665412403183
Manual,3.99,0.8,0.7919254149631012,0.807319755240338,0.00807458503689884
Manual,4.0,0.8,0.7924230214927933,0.8192937740961657,0.007576978507206733
Manual,4.01,0.8,0.7924518544055961,0.7940088316969433,0.007548145594403977
Manual,4.0200000000000005,0.8,0.792001508248906,0.7676828157876465,0.007998491751094017
Manual,4.03,0.8,0.7919947174337253,0.7916280134139656,0.008005282566274752
Manual,4.04,0.8,0.7923755234934031,0.8129390507160061,0.007624476506596922
Manual,4.05,0.8,0.791996408709279,0.7715242103665799,0.008003591290721035
Manual,4.0600000000000005,0.8,0.7917263804712241,0.7771448556162609,0.008273619528775922
Manual,4.07,0.8,0.7916678376815084,0.7885065270368591,0.008332162318491654
Manual,4.08,0.8,0.79168231888261,0.7924643037420958,0.008317681117390063
Manual,4.09,0.8,0.7915754171612055,0.7858027242053607,0.008424582838794548
Manual,4.1,0.8,0.7916862577508527,0.7976716495918023,0.008313742249147382
Manual,4.11,0.8,0.7916947636876233,0.7921540842732375,0.008305236312376785
Manual,4.12,0.8,0.7921932313190937,0.8191104834184966,0.007806768680906351
Manual,4.13,0.8,0.7918560588262311,0.7736487442116547,0.008143941173768932
Manual,4.14,0.8,0.7920143810561342,0.8005637814709019,0.007985618943865846
Manual,4.15,0.8,0.7915735930737253,0.7677710420236484,0.008426406926274721
Manual,4.16,0.8,0.7925290299067922,0.8441226188924004,0.0074709700932078515
Manual,4.17,0.8,0.7923870921792828,0.7847224548937759,0.0076129078207172185
Manual,4.18,0.8,0.7922142983878778,0.7828834336520092,0.00778570161212222
Manual,4.19,0.8,0.7925160584223954,0.80881110028634,0.00748394157760468
Manual,4.2,0.8,0.7925043719293505,0.7918733013049315,0.007495628070649518
Manual,4.21,0.8,0.792418146833836,0.7877619916760513,0.007581853166163999
Manual,4.22,0.8,0.7924198642758729,0.7925126061458616,0.0075801357241271905
Manual,4.23,0.8,0.7927833294291213,0.8124104477045386,0.007216670570878714
Manual,4.24,0.8,0.792943903178022,0.8016148856186582,0.007056096821978053
Manual,4.25,0.8,0.7927174782852023,0.7804905340729397,0.007282521714797707
Manual,4.26,0.8,0.792482340135105,0.7797848800298501,0.007517659864895054
Manual,4.2700000000000005,0.8,0.7926851898016407,0.803639071794567,0.007314810198359334
Manual,4.28,0.8,0.7928499139990521,0.8017450206592667,0.007150086000947908
Manual,4.29,0.8,0.7929451121412038,0.7980858118173901,0.007054887858796266
Manual,4.3,0.8,0.7927654389773379,0.7830630881285789,0.007234561022662178
Manual,4.3100000000000005,0.8,0.7933014648809512,0.8222468636760707,0.006698535119048832
Manual,4.32,0.8,0.7938041404202525,0.8209486195425204,0.0061958595797475535
Manual,4.33,0.8,0.793749632879104,0.7908062256570885,0.006250367120895994
Manual,4.34,0.8,0.7941275722206287,0.8145362966629588,0.005872427779371359
Manual,4.3500000000000005,0.8,0.7942771305561444,0.802353280673989,0.005722869443855694
Manual,4.36,0.8,0.7942101826605499,0.7905949962984474,0.005789817339450165
Manual,4.37,0.8,0.7940646295525364,0.7862047617198107,0.005935370447463617
Manual,4.38,0.8,0.7944683962413963,0.8162717974398329,0.0055316037586037314
Manual,4.39,0.8,0.7942019852150095,0.7798157897901246,0.005798014784990535
Manual,4.4,0.8,0.7948367369174597,0.8291133288497734,0.005163263082540337
Manual,4.41,0.8,0.7946037728769834,0.7820237146912631,0.005396227123016684
Manual,4.42,0.8,0.7951256004199279,0.823304287738933,0.004874399580072186
Manual,4.43,0.8,0.7954473617377799,0.8128224729017863,0.004552638262220188
Manual,4.44,0.8,0.795118126919983,0.7773394467589487,0.004881873080017085
Manual,4.45,0.8,0.7952319634807987,0.8013791377648474,0.004768036519201324
Manual,4.46,0.8,0.7954618814319179,0.8078774507923512,0.004538118568082172
Manual,4.47,0.8,0.7955470326013382,0.8001451957500346,0.004452967398661856
Manual,4.48,0.8,0.7953483977867191,0.7846221177972892,0.004651602213280981
Manual,4.49,0.8,0.7953828649630323,0.797244092483952,0.004617135036967701
Manual,4.5,0.8,0.7954150490469126,0.7971529895764449,0.004584950953087419
Manual,4.51,0.8,0.7951100891015082,0.7786422520496675,0.004889910898491889
Manual,4.5200000000000005,0.8,0.7954481321695324,0.8137024578428373,0.004551867830467682
Manual,4.53,0.8,0.7956312079953444,0.8055173025891902,0.004368792004655675
Manual,4.54,0.8,0.7957982410832499,0.8048180278301511,0.00420175891675012
Manual,4.55,0.8,0.7954066226778299,0.7742592287851495,0.0045933773221701335
Manual,4.5600000000000005,0.8,0.7951806928650902,0.7829804829771425,0.004819307134909856
Manual,4.57,0.8,0.7949188521553766,0.7807794538308421,0.005081147844623435
Manual,4.58,0.8,0.7951334540337195,0.8067219554642356,0.0048665459662805555
Manual,4.59,0.8,0.7953275461642096,0.805808521210676,0.004672453835790402
Manual,4.6000000000000005,0.8,0.7951560452329225,0.7858949949434182,0.004843954767077552
Manual,4.61,0.8,0.7954234971862647,0.809865902666742,0.004576502813735339
Manual,4.62,0.8,0.7952407180198113,0.785370643031331,0.004759281980188712
Manual,4.63,0.8,0.7951419910466138,0.7898107344939433,0.004858008953386284
Manual,4.64,0.8,0.7955171614816413,0.8157763649731289,0.004482838518358734
Manual,4.65,0.8,0.7956084718207892,0.8005392301347726,0.004391528179210846
Manual,4.66,0.8,0.7956992057345253,0.8005988370762801,0.0043007942654746945
Manual,4.67,0.8,0.795194491335008,0.767939913761067,0.004805508664992075
Manual,4.68,0.8,0.794550997102528,0.7598023085486084,0.005449002897472077
Manual,4.69,0.8,0.7949043996231604,0.8139881357373104,0.0050956003768396485
Manual,4.7,0.8,0.7951183112355115,0.8066695383024695,0.004881688764488579
Manual,4.71,0.8,0.7959995971750538,0.8435890379103373,0.004000402824946292
Manual,4.72,0.8,0.7958861872700606,0.7897620524004296,0.004113812729939492
Manual,4.73,0.8,0.795893112913729,0.7962670976718228,0.004106887086271049
Manual,4.74,0.8,0.7962525706936776,0.8156632908109004,0.003747429306322436
Manual,4.75,0.8,0.7959557266204325,0.7799261466651931,0.004044273379567587
Manual,4.76,0.8,0.7964940228679668,0.8255620202348172,0.0035059771320332667
Manual,4.7700000000000005,0.8,0.7964899922351838,0.7962723380649009,0.0035100077648162475
Manual,4.78,0.8,0.7963995095595454,0.7915134450750744,0.003600490440454629
Manual,4.79,0.8,0.7967889281823655,0.8178175338146472,0.003211071817634581
Manual,4.8,0.8,0.7964365059731604,0.7774057066760889,0.003563494026839642
Manual,4.8100000000000005,0.8,0.7961277664499715,0.7794558321977734,0.0038722335500285254
Manual,4.82,0.8,0.7966729304510503,0.8261117865093004,0.0033270695489497903
Manual,4.83,0.8,0.7970964838723912,0.8199683686248012,0.002903516127608863
Manual,4.84,0.8,0.7968008320105837,0.7808356314729785,0.0031991679894163294
Manual,4.8500000000000005,0.8,0.7967993121484935,0.796717239595622,0.003200687851506512
Manual,4.86,0.8,0.7971836990780816,0.8179405932758359,0.0028163009219184243
Manual,4.87,0.8,0.7971989769932794,0.7980239844139589,0.002801023006720693
Manual,4.88,0.8,0.7971711567098465,0.7956688614044741,0.0028288432901535376
Manual,4.89,0.8,0.7971782890102661,0.797563433232925,0.0028217109897339387
Manual,4.9,0.8,0.7968911898860256,0.7813878371770381,0.0031088101139744584
Manual,4.91,0.8,0.7968238174231573,0.7931857044282712,0.003176182576842712
Manual,4.92,0.8,0.7963375309346139,0.7700780605532694,0.0036624690653861425
Manual,4.93,0.8,0.7960913024680548,0.7827949652738634,0.003908697531945227
Manual,4.94,0.8,0.796110396419519,0.7971414697985859,0.0038896035804810714
Manual,4.95,0.8,0.7959823123958747,0.7890657751190805,0.004017687604125353
Manual,4.96,0.8,0.7957933134807518,0.7855873720641118,0.0042066865192482705
Manual,4.97,0.8,0.7958296945369644,0.7977942715724464,0.004170305463035651
Manual,4.98,0.8,0.7964505209877811,0.8299751493318863,0.0035494790122189146
Manual,4.99,0.8,0.7962537407933747,0.7856276102954275,0.003746259206625302
Manual,5.0,0.8,0.7963583374491816,0.8020065568627542,0.0036416625508184364
Manual,5.01,0.8,0.7959502671077922,0.7739144686727595,0.004049732892207891
Manual,5.0200000000000005,0.8,0.7961233450692399,0.8054695549874168,0.0038766549307601705
Manual,5.03,0.8,0.796110904657582,0.7954391224280618,0.003889095342417992
Manual,5.04,0.8,0.7961615386616163,0.7988957748794637,0.003838461338383725
Manual,5.05,0.8,0.7957718793700069,0.7747302776230995,0.004228120629993115
Manual,5.0600000000000005,0.8,0.7959492294784605,0.8055261353349538,0.004050770521539571
Manual,5.07,0.8,0.7962155440306354,0.810596529848084,0.0037844559693646085
Manual,5.08,0.8,0.7962328403742214,0.7971668429278643,0.003767159625778671
Manual,5.09,0.8,0.7964869075706332,0.8102065361768759,0.0035130924293668153
Manual,5.1000000000000005,0.8,0.7964955375456251,0.7969615561951834,0.003504462454374968
Manual,5.11,0.8,0.7965664427808842,0.8003953254848739,0.003433557219115868
Manual,5.12,0.8,0.7965419373443305,0.7952186437704334,0.0034580626556695027
Manual,5.13,0.8,0.7960117972495521,0.7673842321315153,0.003988202750447978
Manual,5.14,0.8,0.7963499079297256,0.8146078846590962,0.0036500920702744466
Manual,5.15,0.8,0.7964608123804455,0.8024496527193243,0.003539187619554518
Manual,5.16,0.8,0.7966231778524122,0.8053909133386132,0.0033768221475878324
Manual,5.17,0.8,0.7964775920527445,0.7886159588706868,0.003522407947255557
Manual,5.18,0.8,0.7969610598142917,0.8230683189378403,0.003038940185708383
Manual,5.19,0.8,0.7971800798014863,0.8090071591099963,0.0028199201985137368
Manual,5.2,0.8,0.7971578191117686,0.7959557418670145,0.002842180888231405
Manual,5.21,0.8,0.7969759397611318,0.7871544548267393,0.0030240602388682536
Manual,5.22,0.8,0.797040279920271,0.8005146485137931,0.002959720079729
Manual,5.23,0.8,0.7972415537571055,0.8081103409461634,0.0027584462428945633
Manual,5.24,0.8,0.7975202824689177,0.8125716329067755,0.002479717531082337
Manual,5.25,0.8,0.7973113655544337,0.7860298521722952,0.002688634445566329
Manual,5.26,0.8,0.7968769236649258,0.7734170616314978,0.0031230763350742485
Manual,5.2700000000000005,0.8,0.7969086611180929,0.7986224835891169,0.0030913388819071574
Manual,5.28,0.8,0.7969723819819882,0.8004133086323308,0.0030276180180118795
Manual,5.29,0.8,0.7969388112821305,0.7951259934898143,0.003061188717869534
Manual,5.3,0.8,0.7973515140240581,0.819637462088147,0.0026484859759419166
Manual,5.3100000000000005,0.8,0.79746737884504,0.8037240791780652,0.002532621154960002
Manual,5.32,0.8,0.7975532670816974,0.8021912318611927,0.002446732918302663
Manual,5.33,0.8,0.7974537315264928,0.7920788115454469,0.0025462684735072516
Manual,5.34,0.8,0.7974940431101932,0.7996708686300146,0.002505956889806815
Manual,5.3500000000000005,0.8,0.797907060199603,0.8202099830277314,0.0020929398003970423
Manual,5.36,0.8,0.7974915462078586,0.7750537906536563,0.002508453792141485
Manual,5.37,0.8,0.7970132906013704,0.7711874878510061,0.002986709398629661
Manual,5.38,0.8,0.7972693821737323,0.8110983270812763,0.0027306178262677117
Manual,5.39,0.8,0.7972465980355038,0.7960162545711625,0.0027534019644962493
Manual,5.4,0.8,0.7972700186217794,0.7985347302806631,0.0027299813782206694
Manual,5.41,0.8,0.7971234594633646,0.7892092649089656,0.0028765405366354413
Manual,5.42,0.8,0.7977262474027503,0.830276796129577,0.002273752597249712
Manual,5.43,0.8,0.7972064462552818,0.7691371842919793,0.0027935537447182357
Manual,5.44,0.8,0.7974795067437513,0.8122247731211059,0.0025204932562487015
Manual,5.45,0.8,0.7971383869686978,0.7787179191158042,0.002861613031302279
Manual,5.46,0.8,0.7972565614569763,0.8036379838240164,0.002743438543023724
Manual,5.47,0.8,0.7974904431643536,0.8101200553627269,0.002509556835646465
Manual,5.48,0.8,0.7975897835526234,0.8029541645191972,0.002410216447376601
Manual,5.49,0.8,0.7973440202787905,0.7840728034918083,0.002655979721209567
Manual,5.5,0.8,0.7977197987322636,0.8180118352198138,0.002280201267736426
Manual,5.51,0.8,0.7978527166098496,0.8050302819994916,0.0021472833901504673
Manual,5.5200000000000005,0.8,0.7979983175840056,0.8058607701884352,0.00200168241599441
Manual,5.53,0.8,0.7985111855194496,0.8262060540334214,0.0014888144805504933
Manual,5.54,0.8,0.7979652467835479,0.768484555044856,0.0020347532164521898
Manual,5.55,0.8,0.7978019979438569,0.7889865606005436,0.002198002056143178
Manual,5.5600000000000005,0.8,0.7978737851952263,0.801750296769178,0.0021262148047737073
Manual,5.57,0.8,0.7975560997838934,0.7804010875719157,0.0024439002161066314
Manual,5.58,0.8,0.7979860872914002,0.8212054126967683,0.002013912708599852
Manual,5.59,0.8,0.7980301452942846,0.8004092774500424,0.0019698547057154236
Manual,5.6000000000000005,0.8,0.7975029996695169,0.7690371359320559,0.002497000330483168
Manual,5.61,0.8,0.7973429547053696,0.7887005266414194,0.0026570452946304
Manual,5.62,0.8,0.7982243619095104,0.8458203509331144,0.0017756380904896396
Manual,5.63,0.8,0.7992360100883072,0.8538650117433344,0.0007639899116927973
Manual,5.64,0.8,0.7992994204714884,0.8027235811632727,0.0007005795285116578
Manual,5.65,0.8,0.798725121666158,0.7677129861783126,0.0012748783338421
Manual,5.66,0.8,0.7988057438791499,0.8031593433807163,0.0011942561208501123
Manual,5.67,0.8,0.7988007814545056,0.7985328105237144,0.0011992185454944293
Manual,5.68,0.8,0.7985500969371977,0.7850131330025708,0.001449903062802349
Manual,5.69,0.8,0.7988416267373035,0.8145842359430162,0.0011583732626965215
Manual,5.7,0.8,0.7987206419142386,0.7921874614687335,0.0012793580857614062
Manual,5.71,0.8,0.7984558777107484,0.7841586107222793,0.0015441222892516038
Manual,5.72,0.8,0.7983618566895215,0.7932847215432702,0.0016381433104785126
Manual,5.73,0.8,0.7983100894710004,0.7955146596708552,0.001689910528999694
Manual,5.74,0.8,0.7985811885236126,0.8132205373646753,0.0014188114763874493
Manual,5.75,0.8,0.7984309124187959,0.7903160027586972,0.0015690875812041094
Manual,5.76,0.8,0.7986168094528794,0.8086552492933827,0.0013831905471206607
Manual,5.7700000000000005,0.8,0.7982106935555031,0.7762804350971864,0.0017893064444969298
Manual,5.78,0.8,0.7975052562334423,0.759411640842155,0.002494743766557783
Manual,5.79,0.8,0.7980038859773523,0.8249298921484948,0.001996114022647766
Manual,5.8,0.8,0.7988124740003666,0.8424762272431423,0.0011875259996334542
Manual,5.8100000000000005,0.8,0.7988706252783104,0.8020107942872785,0.0011293747216896133
Manual,5.82,0.8,0.7986776691863817,0.7882580402222287,0.001322330813618322
Manual,5.83,0.8,0.7983326567881797,0.7797019872852702,0.0016673432118203824
Manual,5.84,0.8,0.7980673081050432,0.7837384792156736,0.0019326918949568173
Manual,5.8500000000000005,0.8,0.7984495781200489,0.819092158930355,0.001550421879951136
Manual,5.86,0.8,0.7987348114309178,0.8141374102178427,0.0012651885690821985
Manual,5.87,0.8,0.7983045907248985,0.7750726725998538,0.0016954092751015892
Manual,5.88,0.8,0.7987306861054663,0.8217398366561277,0.0012693138945337745
Manual,5.89,0.8,0.7983637728303431,0.7785504559736917,0.0016362271696569453
Manual,5.9,0.8,0.7985081226405003,0.8063030123889867,0.001491877359499738
Manual,5.91,0.8,0.798302336997597,0.7871899122808163,0.0016976630024030381
Manual,5.92,0.8,0.7981660957897501,0.7908090705660151,0.0018339042102499814
Manual,5.93,0.8,0.7980359031383751,0.7910054999641263,0.001964096861624909
Manual,5.94,0.8,0.7979158069924077,0.7914306151101651,0.0020841930075923276
Manual,5.95,0.8,0.7983862749196509,0.8237915429907794,0.001613725080349182
Manual,5.96,0.8,0.7983286283753932,0.7952157149854807,0.0016713716246068433
Manual,5.97,0.8,0.7983779677668935,0.80104229490791,0.0016220322331065296
Manual,5.98,0.8,0.7983244584406737,0.7954349548248008,0.0016755415593263656
Manual,5.99,0.8,0.7979945034785085,0.780176935521588,0.002005496521491512
Manual,6.0,0.8,0.7982183926142359,0.8103084059435153,0.0017816073857641612
Manual,6.01,0.8,0.7985205939918112,0.8148394683808761,0.001479406008188855
Manual,6.0200000000000005,0.8,0.7987560265045323,0.8114693821914679,0.0012439734954677872
Manual,6.03,0.8,0.7988119861517373,0.8018338071008129,0.0011880138482627256
Manual,6.04,0.8,0.7985320327348129,0.7834145482208952,0.0014679672651871645
Manual,6.05,0.8,0.7988254375900116,0.8146692997707383,0.0011745624099884777
Manual,6.0600000000000005,0.8,0.7984292437578401,0.7770347768205769,0.0015707562421599652
Manual,6.07,0.8,0.7984112895030103,0.7974417597422012,0.0015887104969897203
Manual,6.08,0.8,0.7985586741157795,0.8065174432053157,0.0014413258842205234
Manual,6.09,0.8,0.7990182148144732,0.823833412543934,0.000981785185526829
Manual,6.1000000000000005,0.8,0.7988739174797888,0.7910818614068308,0.0011260825202112912
Manual,6.11,0.8,0.7986372392443137,0.7858566145286608,0.0013627607556863097
Manual,6.12,0.8,0.7992404243248636,0.831812418674559,0.0007595756751364036
Manual,6.13,0.8,0.7987680323528964,0.7732588658666675,0.001231967647103649
Manual,6.140000000000001,0.8,0.798280184325322,0.7719363908363022,0.001719815674678049
Manual,6.15,0.8,0.7983221821265027,0.8005900633902626,0.0016778178734973004
Manual,6.16,0.8,0.7982938499896103,0.7967639145974179,0.001706150010389762
Manual,6.17,0.8,0.7976566730843172,0.7632491201984893,0.002343326915682842
Manual,6.18,0.8,0.7975349741629096,0.7909632324069041,0.0024650258370904066
Manual,6.19,0.8,0.7980903963083187,0.8280831921604069,0.0019096036916813608
Manual,6.2,0.8,0.7982133574993018,0.8048532618123866,0.0017866425006982656
Manual,6.21,0.8,0.7983473869943011,0.8055849797242612,0.0016526130056989663
Manual,6.22,0.8,0.7984477676327796,0.80386832211062,0.001552232367220463
Manual,6.23,0.8,0.7992268058803541,0.841294871249377,0.0007731941196459369
Manual,6.24,0.8,0.7988423681468437,0.7780827305372862,0.0011576318531563157
Manual,6.25,0.8,0.7990147094166643,0.8083211379869742,0.0009852905833357406
Manual,6.26,0.8,0.7989050224084073,0.7929819239625309,0.0010949775915927162
Manual,6.2700000000000005,0.8,0.7989300594388272,0.8002820590815002,0.0010699405611728219
Manual,6.28,0.8,0.7986401310746968,0.7829839994116556,0.0013598689253032648
Manual,6.29,0.8,0.7987952091466661,0.8071694250330106,0.0012047908533339147
Manual,6.3,0.8,0.7990704151898577,0.8139315415221989,0.0009295848101423809
Manual,6.3100000000000005,0.8,0.7988649124430334,0.7877677641145231,0.001135087556966674
Manual,6.32,0.8,0.7984429108133064,0.7756548228080533,0.0015570891866936165
Manual,6.33,0.8,0.7986681743928451,0.8108324076879312,0.0013318256071549461
Manual,6.34,0.8,0.7982980754041892,0.7783127300167672,0.0017019245958108664
Manual,6.3500000000000005,0.8,0.79836394740592,0.8019210354993823,0.0016360525940800619
Manual,6.36,0.8,0.7986543020209796,0.8143334512342009,0.0013456979790203993
Manual,6.37,0.8,0.7982192071078515,0.7747240817989366,0.0017807928921484972
Manual,6.38,0.8,0.7986286303321241,0.82073748444284,0.001371369667875988
Manual,6.390000000000001,0.8,0.798352667458082,0.7834506722598074,0.0016473325419180673
Manual,6.4,0.8,0.7986219338947141,0.8131623214728488,0.0013780661052859022
Manual,6.41,0.8,0.7985230317647498,0.7931823167466734,0.0014769682352502311
Manual,6.42,0.8,0.7989822379539743,0.8237793721720978,0.001017762046025772
Manual,6.43,0.8,0.7992077290178691,0.8113842464681855,0.0007922709821309715
Manual,6.44,0.8,0.7987917578045264,0.7763293122840207,0.0012082421954736633
Manual,6.45,0.8,0.798767354592343,0.7974495811344424,0.001232645407656996
Manual,6.46,0.8,0.7987985533409242,0.800483285764308,0.0012014466590758444
Manual,6.47,0.8,0.7989748278340876,0.8084936504649102,0.001025172165912469
Manual,6.48,0.8,0.7988318532046185,0.7911112232132855,0.001168146795381575
Manual,6.49,0.8,0.7993113165937834,0.8252023396086912,0.0006886834062166391
Manual,6.5,0.8,0.7995917324565384,0.8147341890453035,0.00040826754346168226
Manual,6.51,0.8,0.799516683781416,0.7954640553248123,0.00048331621858399565
Manual,6.5200000000000005,0.8,0.7996926427836324,0.8091944289033142,0.0003073572163676541
Manual,6.53,0.8,0.7997993214161366,0.805559967571368,0.00020067858386341175
Manual,6.54,0.8,0.799699106990711,0.7942875280177282,0.0003008930092890383
Manual,6.55,0.8,0.7996604256034653,0.7975716306921952,0.0003395743965347586
Manual,6.5600000000000005,0.8,0.799669244813314,0.8001454821451459,0.0003307551866860159
Manual,6.57,0.8,0.7990886639070394,0.7677372949682054,0.0009113360929606795
Manual,6.58,0.8,0.7988591750301136,0.7864667756761209,0.0011408249698864337
Manual,6.59,0.8,0.7986054010448653,0.7849016058414583,0.0013945989551347182
Manual,6.6000000000000005,0.8,0.7987946086977198,0.8090118219518582,0.0012053913022802565
Manual,6.61,0.8,0.7990710470603707,0.8139987186435187,0.0009289529396293572
Manual,6.62,0.8,0.7995716104475878,0.8266020333573116,0.00042838955241220056
Manual,6.63,0.8,0.7996039091059625,0.8013480366581913,0.0003960908940375818
Manual,6.640000000000001,0.8,0.8001899760531309,0.8318375912002295,-0.00018997605313086918
Manual,6.65,0.8,0.8001750298094604,0.7993679326512555,-0.00017502980946038083
Manual,6.66,0.8,0.7997636802324665,0.7775508030747946,0.00023631976753357709
Manual,6.67,0.8,0.7991998115980453,0.768750905339302,0.0008001884019547267
Manual,6.68,0.8,0.7989825418051182,0.7872499729870546,0.0010174581948818595
Manual,6.69,0.8,0.7993834942722587,0.8210349274978502,0.0006165057277413011
Manual,6.7,0.8,0.7992481792449927,0.791941167772624,0.0007518207550073486
Manual,6.71,0.8,0.7995486323381206,0.8157730993670284,0.00045136766187947597
Manual,6.72,0.8,0.7992649126347374,0.783944048652049,0.0007350873652626211
Manual,6.73,0.8,0.7993477469996173,0.8038208027031295,0.0006522530003827409
Manual,6.74,0.8,0.7991011434376883,0.785784551093524,0.0008988565623117006
Manual,6.75,0.8,0.7983705810850162,0.7589202140407209,0.0016294189149838045
Manual,6.76,0.8,0.7983261347888302,0.7959260347947856,0.001673865211169856
Manual,6.7700000000000005,0.8,0.7978211725055703,0.7705532092095322,0.002178827494429769
Manual,6.78,0.8,0.7980929723735329,0.8127701652435182,0.001907027626467106
Manual,6.79,0.8,0.7984280652744169,0.8165230819221486,0.0015719347255831462
Manual,6.8,0.8,0.7981391184920497,0.7825359922442169,0.0018608815079503849
Manual,6.8100000000000005,0.8,0.7977876791100309,0.7788099524810195,0.0022123208899691438
Manual,6.82,0.8,0.7982248142218252,0.8218301102587208,0.0017751857781748148
Manual,6.83,0.8,0.7983381886879417,0.8044604098582302,0.0016618113120583367
Manual,6.84,0.8,0.7988960981756935,0.8290232105142913,0.0011039018243065302
Manual,6.8500000000000005,0.8,0.7989308780817871,0.8008089930108406,0.0010691219182129563
Manual,6.86,0.8,0.7986276007264154,0.7822506235363433,0.001372399273584679
Manual,6.87,0.8,0.7987160554303566,0.803492609443183,0.0012839445696434248
Manual,6.88,0.8,0.7989382059296656,0.810934332892351,0.0010617940703344653
Manual,6.890000000000001,0.8,0.7993766794149875,0.8230542476223677,0.0006233205850125767
Manual,6.9,0.8,0.7991606983870957,0.7874977228809418,0.0008393016129043529
Manual,6.91,0.8,0.7988800879695679,0.7837271254230662,0.0011199120304321575
Manual,6.92,0.8,0.7987399533170079,0.7911726820787643,0.0012600466829921775
Manual,6.93,0.8,0.7987419986000927,0.7988524438866733,0.0012580013999073936
Manual,6.94,0.8,0.7992237505062447,0.8252383534384581,0.000776249493755321
Manual,6.95,0.8,0.7986312777165654,0.766637747073881,0.0013687222834346535
Manual,6.96,0.8,0.7987640627404807,0.8059344540319111,0.0012359372595193152
Manual,6.97,0.8,0.7988867775992065,0.8055133799703955,0.0011132224007935898
Manual,6.98,0.8,0.7987015752253493,0.7887006470370674,0.0012984247746506972
Manual,6.99,0.8,0.7994761715606555,0.8413043736671902,0.0005238284393445092
Manual,7.0,0.8,0.7994018565210517,0.7953888443824457,0.0005981434789483764
Manual,7.01,0.8,0.799386045028644,0.7985322244386308,0.0006139549713560788
Manual,7.0200000000000005,0.8,0.7992263826640316,0.7906046149749602,0.0007736173359684795
Manual,7.03,0.8,0.798807202047715,0.7761714487666217,0.0011927979522849963
Manual,7.04,0.8,0.7987676910745755,0.7966340985250394,0.0012323089254245856
Manual,7.05,0.8,0.799457347150432,0.8366987752466878,0.0005426528495680039
Manual,7.0600000000000005,0.8,0.7995054703372345,0.8021041224245676,0.0004945296627655305
Manual,7.07,0.8,0.7993828898946443,0.7927635459947776,0.0006171101053557004
Manual,7.08,0.8,0.7993195008118141,0.7958964903389838,0.0006804991881859124
Manual,7.09,0.8,0.7997285780002327,0.8218187461748364,0.0002714219997673739
Manual,7.1000000000000005,0.8,0.800165603327073,0.8237649709764521,-0.00016560332707293846
Manual,7.11,0.8,0.7998151842199704,0.7808925524364361,0.0001848157800296013
Manual,7.12,0.8,0.7996361559810513,0.7899686310794182,0.00036384401894873353
Manual,7.13,0.8,0.7996249336157668,0.7990189258904049,0.0003750663842332358
Manual,7.140000000000001,0.8,0.8001581484345714,0.8289517486500196,-0.00015814843457140348
Manual,7.15,0.8,0.7994636479934002,0.7619606241701552,0.0005363520065998495
Manual,7.16,0.8,0.8004256584314099,0.8523742220839329,-0.0004256584314098477
Manual,7.17,0.8,0.8003552242249601,0.7965517770766692,-0.0003552242249600379
Manual,7.18,0.8,0.7995485511894611,0.7559882072725164,0.0004514488105389347
Manual,7.19,0.8,0.799658833926875,0.8056141017472237,0.0003411660731250654
Manual,7.2,0.8,0.7996121628719818,0.7970919259077511,0.00038783712801826464
Manual,7.21,0.8,0.8000184098259132,0.8219557453382091,-1.84098259131682e-05
Manual,7.22,0.8,0.7995233629207463,0.7727908300417342,0.0004766370792537167
Manual,7.23,0.8,0.7999896930204808,0.8251715184061428,1.0306979519203452e-05
Manual,7.24,0.8,0.7998504254313321,0.7923299756172992,0.00014957456866793173
Manual,7.25,0.8,0.7997885200553693,0.7964456297533727,0.0002114799446307769
Manual,7.26,0.8,0.8001174059337288,0.8178772433651447,-0.00011740593372877584
Manual,7.2700000000000005,0.8,0.7997568637921706,0.7802875881480245,0.000243136207829453
Manual,7.28,0.8,0.8002173507161163,0.8250836446091885,-0.00021735071611628243
Manual,7.29,0.8,0.8003355579578374,0.8067187490107725,-0.0003355579578373513
Manual,7.3,0.8,0.8002297363703921,0.7945153706483475,-0.00022973637039203076
Manual,7.3100000000000005,0.8,0.8002821260601699,0.8031111693081749,-0.00028212606016986275
Manual,7.32,0.8,0.8000514728108956,0.7875961973500833,-5.1472810895569765e-05
Manual,7.33,0.8,0.7997387286769743,0.7828505454452226,0.00026127132302578016
Manual,7.34,0.8,0.7998842964294403,0.8077449550626032,0.00011570357055978864
Manual,7.3500000000000005,0.8,0.8000652600346434,0.8098372947156126,-6.526003464335517e-05
Manual,7.36,0.8,0.8001927250928628,0.8070758382367059,-0.00019272509286272221
Manual,7.37,0.8,0.8002447125584407,0.8030520356996458,-0.00024471255844060735
Manual,7.38,0.8,0.7999189157722176,0.782325889316173,8.108422778241309e-05
Manual,7.390000000000001,0.8,0.800000353469888,0.8043979891440868,-3.534698879148479e-07
Manual,7.4,0.8,0.7998614132144527,0.7923586394209512,0.0001385867855473455
Manual,7.41,0.8,0.7999118351190013,0.8026346179646293,8.816488099872011e-05
Manual,7.42,0.8,0.8001836747916055,0.8148630171122258,-0.0001836747916054149
Manual,7.43,0.8,0.7998497398274101,0.7818172517608613,0.0001502601725899
Manual,7.44,0.8,0.8002004617028797,0.8191394429782394,-0.000200461702879684
Manual,7.45,0.8,0.8001342461290291,0.7965586051410906,-0.00013424612902901423
Manual,7.46,0.8,0.7996219969427983,0.7719605408863398,0.00037800305720170346
Manual,7.47,0.8,0.8000482831138005,0.8230677363479161,-4.828311380045136e-05
Manual,7.48,0.8,0.8000349698244436,0.7993160521991675,-3.496982444350927e-05
Manual,7.49,0.8,0.8005098477376157,0.8261532550489082,-0.000509847737615643
Manual,7.5,0.8,0.8005346100337584,0.8018717740254647,-0.0005346100337583204
Manual,7.51,0.8,0.8008786808839123,0.8194585067922266,-0.0008786808839122973
Manual,7.5200000000000005,0.8,0.8007963339329545,0.7963495985812284,-0.0007963339329544183
Manual,7.53,0.8,0.8008089952355468,0.8014927055755316,-0.0008089952355467833
Manual,7.54,0.8,0.800621363030254,0.7904892239444397,-0.0006213630302539519
Manual,7.55,0.8,0.8000318423200563,0.7681977239693805,-3.184232005626342e-05
Manual,7.5600000000000005,0.8,0.7999975116966697,0.7981436580337926,2.4883033303835234e-06
Manual,7.57,0.8,0.7998412215939877,0.7914015560491626,0.00015877840601230542
Manual,7.58,0.8,0.7999350291902061,0.8050006393859955,6.497080979395164e-05
Manual,7.59,0.8,0.800054844689964,0.8065248816768907,-5.484468996397318e-05
Manual,7.6000000000000005,0.8,0.8003241677090067,0.814867610737313,-0.000324167709006673
Manual,7.61,0.8,0.8008315027492221,0.8282275949208504,-0.0008315027492220572
Manual,7.62,0.8,0.8006331931115657,0.7899244726781199,-0.000633193111565622
Manual,7.63,0.8,0.8000064543436759,0.7661625608776296,-6.4543436758546235e-06
Manual,7.640000000000001,0.8,0.7999007611780128,0.7941933302322021,9.923882198725753e-05
Manual,7.65,0.8,0.8001296089844074,0.8124873905297184,-0.00012960898440739221
Manual,7.66,0.8,0.7996045259386855,0.7712500414697016,0.0003954740613145713
Manual,7.67,0.8,0.7998580579826301,0.8135487883556377,0.00014194201736994483
Manual,7.68,0.8,0.8000941116422998,0.8128410092644656,-9.411164229977675e-05
Manual,7.69,0.8,0.8004551300158479,0.8199501221874408,-0.00045513001584784885
Manual,7.7,0.8,0.8006525649238749,0.8113140499573335,-0.0006525649238748876
Manual,7.71,0.8,0.8005879160829535,0.7970968786731956,-0.0005879160829534991
Manual,7.72,0.8,0.7998437957251873,0.7596612964058091,0.00015620427481277677
Manual,7.73,0.8,0.7999815439704295,0.8074199492135121,1.8456029570512733e-05
Manual,7.74,0.8,0.8003355229576535,0.8194503882677473,-0.00033552295765348905
Manual,7.75,0.8,0.8004653411124064,0.8074755214690621,-0.00046534111240637
Manual,7.76,0.8,0.8004483034095494,0.7995282674552707,-0.00044830340954937764
Manual,7.7700000000000005,0.8,0.8009126601515701,0.8259879242206868,-0.0009126601515700994
Manual,7.78,0.8,0.8006927179376512,0.7888158383860299,-0.0006927179376511328
Manual,7.79,0.8,0.8003608499807211,0.7824399803064994,-0.00036084998072105634
Manual,7.8,0.8,0.8002357876520237,0.7934824219023683,-0.0002357876520237001
Manual,7.8100000000000005,0.8,0.8000500272974042,0.7900189681479491,-5.002729740410938e-05
Manual,7.82,0.8,0.8004999474353619,0.8247956348850795,-0.0004999474353618583
Manual,7.83,0.8,0.8009636617240548,0.8260042333134694,-0.0009636617240547096
Manual,7.84,0.8,0.8003804643291903,0.7688878050065099,-0.0003804643291902554
Manual,7.8500000000000005,0.8,0.8000117990785555,0.780103875544272,-1.1799078555418951e-05
Manual,7.86,0.8,0.8005598180769996,0.830152843992984,-0.0005598180769995631
Manual,7.87,0.8,0.8004153603885742,0.7926146452136036,-0.0004153603885741486
Manual,7.88,0.8,0.8003672408761292,0.7977687872041024,-0.0003672408761291601
Manual,7.890000000000001,0.8,0.8001669175650955,0.7893494587692778,-0.00016691756509545908
Manual,7.9,0.8,0.8001191001893764,0.7975369619005444,-0.00011910018937633104
Manual,7.91,0.8,0.8003007299622092,0.8101087376951871,-0.0003007299622092008
Manual,7.92,0.8,0.8002128713891967,0.7954685084465195,-0.00021287138919667825
Manual,7.930000000000001,0.8,0.8001573903434771,0.7971614138746201,-0.0001573903434770596
Manual,7.94,0.8,0.8001772181224358,0.8012479181862086,-0.00017721812243576274
Manual,7.95,0.8,0.8007580465272515,0.832122780387299,-0.0007580465272514214
Manual,7.96,0.8,0.8015599324270585,0.8448617710166388,-0.0015599324270584303
Manual,7.97,0.8,0.8014900298725042,0.7977152919265722,-0.0014900298725041283
Manual,7.98,0.8,0.8017363895604754,0.8150398127109244,-0.0017363895604753932
Manual,7.99,0.8,0.8013545282824592,0.7807340192695859,-0.0013545282824591887
Manual,8.0,0.8,0.8009446705093269,0.7788123507601807,-0.0009446705093268948
Ziegler-Nichols relay,0.0,0.0,0.0,0.0,0.0
Ziegler-Nichols relay,0.01,0.0,0.003994598709292132,0.21970292901106728,-0.003994598709292132
Ziegler-Nichols relay,0.02,0.0,0.003921969641850457,0.0,-0.003921969641850457
Ziegler-Nichols relay,0.03,0.0,0.004527794330710199,0.03724232752913621,-0.004527794330710199
Ziegler-Nichols relay,0.04,0.0,0.004775837145808761,0.01817014916113112,-0.004775837145808761
Ziegler-Nichols relay,0.05,0.0,0.004708531748797404,0.0010740403101841042,-0.004708531748797404
Ziegler-Nichols relay,0.06,0.0,0.0064520515848014905,0.10060212272902216,-0.0064520515848014905
Ziegler-Nichols relay,0.07,0.0,0.006334741555986918,0.0,-0.006334741555986918
Ziegler-Nichols relay,0.08,0.0,0.006655074633904811,0.023953060841471068,-0.006655074633904811
Ziegler-Nichols relay,0.09,0.0,0.006534073276924723,0.0,-0.006534073276924723
Ziegler-Nichols relay,0.1,0.0,0.0077826070766332306,0.07520343226089263,-0.0077826070766332306
Ziegler-Nichols relay,0.11,0.0,0.009246615573208663,0.08830307438828197,-0.009246615573208663
Ziegler-Nichols relay,0.12,0.0,0.010200055795044386,0.061685827774173425,-0.010200055795044386
Ziegler-Nichols relay,0.13,0.0,0.011309274466114256,0.07120708270388722,-0.011309274466114256
Ziegler-Nichols relay,0.14,0.0,0.012500583573209548,0.07683127535635534,-0.012500583573209548
Ziegler-Nichols relay,0.15,0.0,0.012709809796803117,0.024008025870855813,-0.012709809796803117
Ziegler-Nichols relay,0.16,0.0,0.012478722345952152,0.0,-0.012478722345952152
Ziegler-Nichols relay,0.17,0.0,0.013027496674117508,0.04266131039504672,-0.013027496674117508
Ziegler-Nichols relay,0.18,0.0,0.012790633098224462,0.0,-0.012790633098224462
Ziegler-Nichols relay,0.19,0.0,0.013646682282869088,0.05987333825367889,-0.013646682282869088
Ziegler-Nichols relay,0.2,0.0,0.014009785661644536,0.03361736811551877,-0.014009785661644536
Ziegler-Nichols relay,0.21,0.0,0.013755062285978273,0.0,-0.013755062285978273
Ziegler-Nichols relay,0.22,0.0,0.014203818551266683,0.03843665687684091,-0.014203818551266683
Ziegler-Nichols relay,0.23,0.0,0.01555721809530151,0.08864079347318211,-0.01555721809530151
Ziegler-Nichols relay,0.24,0.0,0.016081737032371313,0.04440575963414069,-0.016081737032371313
Ziegler-Nichols relay,0.25,0.0,0.015789341813600925,0.0,-0.015789341813600925
Ziegler-Nichols relay,0.26,0.0,0.015502262871535452,0.0,-0.015502262871535452
Ziegler-Nichols relay,0.27,0.0,0.016936854896571325,0.09440482424850843,-0.016936854896571325
Ziegler-Nichols relay,0.28,0.0,0.01778248877377656,0.06344671814285917,-0.01778248877377656
Ziegler-Nichols relay,0.29,0.0,0.01745917079607153,0.0,-0.01745917079607153
Ziegler-Nichols relay,0.3,0.0,0.0189975878754562,0.10207211016222831,-0.0189975878754562
Ziegler-Nichols relay,0.31,0.0,0.019337722597450254,0.0377049975851292,-0.019337722597450254
Ziegler-Nichols relay,0.32,0.0,0.01898612764113298,0.0,-0.01898612764113298
Ziegler-Nichols relay,0.33,0.0,0.01884490935920574,0.011219122135134943,-0.01884490935920574
Ziegler-Nichols relay,0.34,0.0,0.019256979834229214,0.041508785485496774,-0.019256979834229214
Ziegler-Nichols relay,0.35000000000000003,0.0,0.018921791494751466,0.000821621162953038,-0.018921791494751466
Ziegler-Nichols relay,0.36,0.0,0.022124767946355286,0.19508549633296152,-0.022124767946355286
Ziegler-Nichols relay,0.37,0.0,0.021722499438239735,0.0,-0.021722499438239735
Ziegler-Nichols relay,0.38,0.0,0.022720120858329806,0.07659167754319365,-0.022720120858329806
Ziegler-Nichols relay,0.39,0.0,0.024042056448139573,0.09542657829786699,-0.024042056448139573
Ziegler-Nichols relay,0.4,0.0,0.02360492814908249,0.0,-0.02360492814908249
Ziegler-Nichols relay,0.41000000000000003,0.0,0.023175747637280992,0.0,-0.023175747637280992
Ziegler-Nichols relay,0.42,0.0,0.023855841828097784,0.06058092813220449,-0.023855841828097784
Ziegler-Nichols relay,0.43,0.0,0.024887480141760805,0.08059594907956392,-0.024887480141760805
Ziegler-Nichols relay,0.44,0.0,0.024434980502819698,0.0,-0.024434980502819698
Ziegler-Nichols relay,0.45,0.0,0.024259357846584225,0.014775734409868636,-0.024259357846584225
Ziegler-Nichols relay,0.46,0.0,0.023818278613009967,0.0,-0.023818278613009967
Ziegler-Nichols relay,0.47000000000000003,0.0,0.023634342072090253,0.013701768862425641,-0.023634342072090253
Ziegler-Nichols relay,0.48,0.0,0.024031471305901234,0.045476449931694266,-0.024031471305901234
Ziegler-Nichols relay,0.49,0.0,0.023594535463975757,0.0,-0.023594535463975757
Ziegler-Nichols relay,0.5,0.8,0.04134736209190347,1.0,0.7586526379080966
Ziegler-Nichols relay,0.51,0.8,0.058777410053868856,1.0,0.7412225899461312
Ziegler-Nichols relay,0.52,0.8,0.07589054805288942,1.0,0.7241094519471106
Ziegler-Nichols relay,0.53,0.8,0.09269253808829142,1.0,0.7073074619117086
Ziegler-Nichols relay,0.54,0.8,0.10918903739577704,1.0,0.690810962604223
Ziegler-Nichols relay,0.55,0.8,0.12538560035221746,1.0,0.6746143996477826
Ziegler-Nichols relay,0.56,0.8,0.14128768034581352,1.0,0.6587123196541865
Ziegler-Nichols relay,0.5700000000000001,0.8,0.15690063161225326,1.0,0.6430993683877468
Ziegler-Nichols relay,0.58,0.8,0.17222971103748502,1.0,0.627770288962515
Ziegler-Nichols relay,0.59,0.8,0.18728007992771256,1.0,0.6127199200722875
Ziegler-Nichols relay,0.6,0.8,0.2020568057472087,1.0,0.5979431942527913
Ziegler-Nichols relay,0.61,0.8,0.21656486382453216,1.0,0.5834351361754679
Ziegler-Nichols relay,0.62,0.8,0.2308091390277225,1.0,0.5691908609722776
Ziegler-Nichols relay,0.63,0.8,0.24479442740903662,1.0,0.5552055725909635
Ziegler-Nichols relay,0.64,0.8,0.25852543781978143,1.0,0.5414745621802186
Ziegler-Nichols relay,0.65,0.8,0.2720067934957854,1.0,0.5279932065042147
Ziegler-Nichols relay,0.66,0.8,0.28524303361404385,1.0,0.5147569663859561
Ziegler-Nichols relay,0.67,0.8,0.29823861482106123,1.0,0.5017613851789389
Ziegler-Nichols relay,0.68,0.8,0.31099791273340555,1.0,0.4890020872665945
Ziegler-Nichols relay,0.6900000000000001,0.8,0.32352522341098,1.0,0.47647477658902004
Ziegler-Nichols relay,0.7000000000000001,0.8,0.33582476480350765,1.0,0.4641752351964924
Ziegler-Nichols relay,0.71,0.8,0.34790067817071657,1.0,0.4520993218292835
Ziegler-Nichols relay,0.72,0.8,0.3597570294767035,1.0,0.44024297052329653
Ziegler-Nichols relay,0.73,0.8,0.3713978107589453,1.0,0.42860218924105475
Ziegler-Nichols relay,0.74,0.8,0.382826941472419,1.0,0.417173058527581
Ziegler-Nichols relay,0.75,0.8,0.39404826980928415,1.0,0.4059517301907159
Ziegler-Nichols relay,0.76,0.8,0.4050604698227795,0.9997192705515288,0.39493953017722055
Ziegler-Nichols relay,0.77,0.8,0.41587755218963807,1.0,0.384122447810362
Ziegler-Nichols relay,0.78,0.8,0.42649796033164467,1.0,0.3735020396683554
Ziegler-Nichols relay,0.79,0.8,0.43692527014379656,1.0,0.3630747298562035
Ziegler-Nichols relay,0.8,0.8,0.4462068113898725,0.9474100386779742,0.35379318861012754
Ziegler-Nichols relay,0.81,0.8,0.4562757784555112,1.0,0.34372422154448884
Ziegler-Nichols relay,0.8200000000000001,0.8,0.4661616733926837,1.0,0.3338383266073163
Ziegler-Nichols relay,0.8300000000000001,0.8,0.475867824785544,1.0,0.32413217521445603
Ziegler-Nichols relay,0.84,0.8,0.4853975006985341,1.0,0.31460249930146594
Ziegler-Nichols relay,0.85,0.8,0.49475390977674255,1.0,0.3052460902232575
Ziegler-Nichols relay,0.86,0.8,0.5039402023262564,1.0,0.2960597976737437
Ziegler-Nichols relay,0.87,0.8,0.5129594713748699,1.0,0.2870405286251302
Ziegler-Nichols relay,0.88,0.8,0.5208930851181416,0.9493082272548128,0.27910691488185846
Ziegler-Nichols relay,0.89,0.8,0.5296041199341753,1.0,0.2703958800658247
Ziegler-Nichols relay,0.9,0.8,0.5381567722990085,1.0,0.26184322770099155
Ziegler-Nichols relay,0.91,0.8,0.546553921893572,1.0,0.25344607810642805
Ziegler-Nichols relay,0.92,0.8,0.5547983960409616,1.0,0.24520160395903845
Ziegler-Nichols relay,0.93,0.8,0.5628929706583986,1.0,0.23710702934160144
Ziegler-Nichols relay,0.9400000000000001,0.8,0.5708403711918822,1.0,0.2291596288081178
Ziegler-Nichols relay,0.9500000000000001,0.8,0.578643273533848,1.0,0.221356726466152
Ziegler-Nichols relay,0.96,0.8,0.5858628253387231,0.9757186228019792,0.2141371746612769
Ziegler-Nichols relay,0.97,0.8,0.592210021572862,0.934958618216356,0.2077899784271381
Ziegler-Nichols relay,0.98,0.8,0.5996243848169918,1.0,0.20037561518300828
Ziegler-Nichols relay,0.99,0.8,0.6069039414566828,1.0,0.19309605854331724
Ziegler-Nichols relay,1.0,0.8,0.6140511425211067,1.0,0.18594885747889334
Ziegler-Nichols relay,1.01,0.8,0.6210683944752684,1.0,0.17893160552473164
Ziegler-Nichols relay,1.02,0.8,0.6279580600302636,1.0,0.1720419399697365
Ziegler-Nichols relay,1.03,0.8,0.6342368520532327,0.9732916212935638,0.1657631479467674
Ziegler-Nichols relay,1.04,0.8,0.6408870911068102,1.0,0.15911290889318985
Ziegler-Nichols relay,1.05,0.8,0.6473231596183079,0.9948708592391837,0.15267684038169216
Ziegler-Nichols relay,1.06,0.8,0.6537354658070659,1.0,0.14626453419293417
Ziegler-Nichols relay,1.07,0.8,0.6595968738555431,0.9761129084733167,0.14040312614445694
Ziegler-Nichols relay,1.08,0.8,0.6657860216036241,1.0,0.13421397839637594
Ziegler-Nichols relay,1.09,0.8,0.6696981188693908,0.8809513712207901,0.13030188113060925
Ziegler-Nichols relay,1.1,0.8,0.6754718588987522,0.9872538204842682,0.12452814110124788
Ziegler-Nichols relay,1.11,0.8,0.681190577500972,0.9900013820208462,0.11880942249902804
Ziegler-Nichols relay,1.12,0.8,0.6869871124554998,1.0,0.11301288754450023
Ziegler-Nichols relay,1.1300000000000001,0.8,0.692512122401597,0.9908626594908435,0.10748787759840306
Ziegler-Nichols relay,1.1400000000000001,0.8,0.6980760719934143,0.9985293499515497,0.10192392800658578
Ziegler-Nichols relay,1.1500000000000001,0.8,0.7022534729869823,0.9278331266396553,0.09774652701301778
Ziegler-Nichols relay,1.16,0.8,0.7076670462054008,1.0,0.09233295379459927
Ziegler-Nichols relay,1.17,0.8,0.7102462654949413,0.8495241071301325,0.08975373450505875
Ziegler-Nichols relay,1.18,0.8,0.7137129402998634,0.9009133797656602,0.08628705970013661
Ziegler-Nichols relay,1.19,0.8,0.7189181595671387,1.0,0.08108184043286137
Ziegler-Nichols relay,1.2,0.8,0.7237473377844232,0.9845229615177911,0.0762526622155768
Ziegler-Nichols relay,1.21,0.8,0.7280335032304849,0.9594864373178109,0.07196649676951516
Ziegler-Nichols relay,1.22,0.8,0.7313326916746659,0.909488867660437,0.06866730832533419
Ziegler-Nichols relay,1.23,0.8,0.7342637816229901,0.892542638832498,0.06573621837700994
Ziegler-Nichols relay,1.24,0.8,0.7361292224925343,0.8368630294479215,0.06387077750746573
Ziegler-Nichols relay,1.25,0.8,0.7408731732626176,0.9970465148471163,0.059126826737382454
Ziegler-Nichols relay,1.26,0.8,0.7440626919238591,0.9162966996309033,0.055937308076140946
Ziegler-Nichols relay,1.27,0.8,0.74788194294833,0.9541214982697589,0.05211805705167005
Ziegler-Nichols relay,1.28,0.8,0.7498526174177724,0.8562690387676652,0.05014738258222762
Ziegler-Nichols relay,1.29,0.8,0.7532794515744098,0.9383284960328273,0.04672054842559026
Ziegler-Nichols relay,1.3,0.8,0.7558679740694708,0.895648188802768,0.04413202593052923
Ziegler-Nichols relay,1.31,0.8,0.7603067381772987,1.0,0.03969326182270139
Ziegler-Nichols relay,1.32,0.8,0.7634427374971319,0.932786700768128,0.03655726250286817
Ziegler-Nichols relay,1.33,0.8,0.7669733785467396,0.9576279952255589,0.03302662145326041
Ziegler-Nichols relay,1.34,0.8,0.7678312452816193,0.8141560489651214,0.032168754718380765
Ziegler-Nichols relay,1.35,0.8,0.770208388770617,0.8985741371764961,0.029791611229383008
Ziegler-Nichols relay,1.36,0.8,0.7734899033649415,0.9506916914584618,0.026510096635058544
Ziegler-Nichols relay,1.37,0.8,0.7764591254189914,0.936797116337687,0.02354087458100862
Ziegler-Nichols relay,1.3800000000000001,0.8,0.7781745274474503,0.8708062369842328,0.02182547255254974
Ziegler-Nichols relay,1.3900000000000001,0.8,0.7812129748623172,0.9452891352651301,0.018787025137682822
Ziegler-Nichols relay,1.4000000000000001,0.8,0.7840315082205547,0.936232309565379,0.01596849177944537
Ziegler-Nichols relay,1.41,0.8,0.7851067350547194,0.8431689840996116,0.014893264945280649
Ziegler-Nichols relay,1.42,0.8,0.7845936209840305,0.7568854611668294,0.015406379015969529
Ziegler-Nichols relay,1.43,0.8,0.7876722492084529,0.953918173327265,0.012327750791547132
Ziegler-Nichols relay,1.44,0.8,0.7903921405804478,0.9372662746681728,0.009607859419552223
Ziegler-Nichols relay,1.45,0.8,0.7932070305695011,0.9452110899783784,0.006792969430498896
Ziegler-Nichols relay,1.46,0.8,0.7956312152439,0.9265371876614402,0.00436878475610003
Ziegler-Nichols relay,1.47,0.8,0.795850214755919,0.8076761884049419,0.00414978524408105
Ziegler-Nichols relay,1.48,0.8,0.7962727015766905,0.8190869898983538,0.003727298423309544
Ziegler-Nichols relay,1.49,0.8,0.7978807693551614,0.8847164293925892,0.0021192306448386544
Ziegler-Nichols relay,1.5,0.8,0.7989801259984086,0.8583453847337562,0.0010198740015914254
Ziegler-Nichols relay,1.51,0.8,0.8002892148649292,0.8709800136570441,-0.0002892148649291659
Ziegler-Nichols relay,1.52,0.8,0.8014527111868425,0.8642815125701595,-0.0014527111868424258
Ziegler-Nichols relay,1.53,0.8,0.8041546687731952,0.9500603784362409,-0.004154668773195147
Ziegler-Nichols relay,1.54,0.8,0.8050564507284608,0.8537526763128025,-0.005056450728460726
Ziegler-Nichols relay,1.55,0.8,0.8054176990999644,0.8249251111611592,-0.005417699099964368
Ziegler-Nichols relay,1.56,0.8,0.8068623301770691,0.8848724083407248,-0.006862330177069054
Ziegler-Nichols relay,1.57,0.8,0.8077198173467461,0.8540241245093079,-0.007719817346746094
Ziegler-Nichols relay,1.58,0.8,0.8088605579125258,0.8704605484646274,-0.008860557912525713
Ziegler-Nichols relay,1.59,0.8,0.8093326128016401,0.8348235768138154,-0.009332612801640106
Ziegler-Nichols relay,1.6,0.8,0.8087173945746414,0.7754956103167083,-0.00871739457464138
Ziegler-Nichols relay,1.61,0.8,0.8098276872029764,0.8697834891330656,-0.009827687202976332
Ziegler-Nichols relay,1.62,0.8,0.8104063404087116,0.8416536135184155,-0.010406340408711579
Ziegler-Nichols relay,1.6300000000000001,0.8,0.8099734841623768,0.7865992468602961,-0.009973484162376756
Ziegler-Nichols relay,1.6400000000000001,0.8,0.8100440336821427,0.8138537077495028,-0.010044033682142683
Ziegler-Nichols relay,1.6500000000000001,0.8,0.8091723524810802,0.7621015676237045,-0.00917235248108017
Ziegler-Nichols relay,1.6600000000000001,0.8,0.8124491253301841,0.9893948591817924,-0.012449125330184052
Ziegler-Nichols relay,1.67,0.8,0.8115141956754293,0.7610279943186709,-0.011514195675429217
Ziegler-Nichols relay,1.68,0.8,0.8123872948377945,0.8595346496055188,-0.012387294837794438
Ziegler-Nichols relay,1.69,0.8,0.8123498064137885,0.8103254315174633,-0.012349806413788467
Ziegler-Nichols relay,1.7,0.8,0.8117025984763119,0.7767533698525757,-0.011702598476311832
Ziegler-Nichols relay,1.71,0.8,0.8111262115711142,0.7800013186904416,-0.011126211571114153
Ziegler-Nichols relay,1.72,0.8,0.8108376570539075,0.7952557131247489,-0.01083765705390749
Ziegler-Nichols relay,1.73,0.8,0.8115066924466936,0.8476346036571437,-0.011506692446693556
Ziegler-Nichols relay,1.74,0.8,0.8104297868448963,0.7522768843478416,-0.01042978684489626
Ziegler-Nichols relay,1.75,0.8,0.8116160042636279,0.8756717448751368,-0.011616004263627855
Ziegler-Nichols relay,1.76,0.8,0.8120922739892277,0.8378108391716134,-0.012092273989227631
Ziegler-Nichols relay,1.77,0.8,0.811404276930907,0.7742524357815929,-0.011404276930906954
Ziegler-Nichols relay,1.78,0.8,0.8122827602837182,0.8597208613355227,-0.012282760283718108
Ziegler-Nichols relay,1.79,0.8,0.8100786540544079,0.6910569176716536,-0.010078654054407887
Ziegler-Nichols relay,1.8,0.8,0.809865834869706,0.7983735988958036,-0.009865834869705936
Ziegler-Nichols relay,1.81,0.8,0.8085000506595447,0.734747703310833,-0.008500050659544622
Ziegler-Nichols relay,1.82,0.8,0.8097383171257287,0.876604706299667,-0.009738317125728702
Ziegler-Nichols relay,1.83,0.8,0.8106522216745071,0.8600030673085413,-0.010652221674507079
Ziegler-Nichols relay,1.84,0.8,0.8105323454712805,0.8040590304970457,-0.010532345471280458
Ziegler-Nichols relay,1.85,0.8,0.8098225058407469,0.7714911657919318,-0.009822505840746842
Ziegler-Nichols relay,1.86,0.8,0.8106118803844136,0.853238105742416,-0.010611880384413519
Ziegler-Nichols relay,1.87,0.8,0.810019158605832,0.778012182562427,-0.010019158605831913
Ziegler-Nichols relay,1.8800000000000001,0.8,0.8099796339262219,0.8078453012272765,-0.00997963392622181
Ziegler-Nichols relay,1.8900000000000001,0.8,0.8082655286808839,0.7157038454326325,-0.008265528680883816
Ziegler-Nichols relay,1.9000000000000001,0.8,0.8093985462333123,0.8705814940644508,-0.009398546233312266
Ziegler-Nichols relay,1.9100000000000001,0.8,0.8082491746000758,0.7461831064053057,-0.008249174600075793
Ziegler-Nichols relay,1.92,0.8,0.8091307426042691,0.8567354148307034,-0.009130742604269049
Ziegler-Nichols relay,1.93,0.8,0.8098246550099444,0.847295924916408,-0.009824655009944339
Ziegler-Nichols relay,1.94,0.8,0.8098875024611148,0.8132812648243181,-0.009887502461114805
Ziegler-Nichols relay,1.95,0.8,0.8103205331792815,0.8337041919602839,-0.0103205331792815
Ziegler-Nichols relay,1.96,0.8,0.8091998558820377,0.7486832818308682,-0.009199855882037644
Ziegler-Nichols relay,1.97,0.8,0.8076317073273829,0.722951685376025,-0.007631707327382831
Ziegler-Nichols relay,1.98,0.8,0.8074844665917206,0.7995334668659578,-0.007484466591720529
Ziegler-Nichols relay,1.99,0.8,0.8068285021081021,0.7714064199927015,-0.006828502108102041
Ziegler-Nichols relay,2.0,0.8,0.805345996272092,0.7252906811275484,-0.00534599627209198
Ziegler-Nichols relay,2.0100000000000002,0.8,0.8056869558787977,0.8240987746409004,-0.005686955878797639
Ziegler-Nichols relay,2.02,0.8,0.8057991131294937,0.8118556046670778,-0.00579911312949366
Ziegler-Nichols relay,2.0300000000000002,0.8,0.806186139331135,0.827085554219764,-0.006186139331134988
Ziegler-Nichols relay,2.04,0.8,0.8075893838271468,0.8833645866117861,-0.007589383827146801
Ziegler-Nichols relay,2.05,0.8,0.8059900441922088,0.7196257039055518,-0.005990044192208721
Ziegler-Nichols relay,2.06,0.8,0.8074612765302108,0.886907822782321,-0.007461276530210781
Ziegler-Nichols relay,2.07,0.8,0.8058680789483458,0.7198354095276351,-0.005868078948345734
Ziegler-Nichols relay,2.08,0.8,0.8055456996925277,0.7881372198783468,-0.005545699692527606
Ziegler-Nichols relay,2.09,0.8,0.8041560336538333,0.7291140675643337,-0.004156033653833213
Ziegler-Nichols relay,2.1,0.8,0.8044248753430748,0.8189423265621192,-0.004424875343074786
Ziegler-Nichols relay,2.11,0.8,0.8051981314400553,0.846953960676998,-0.005198131440055209
Ziegler-Nichols relay,2.12,0.8,0.804391790315508,0.760849369589956,-0.00439179031550796
Ziegler-Nichols relay,2.13,0.8,0.8047475136237634,0.8239565722695539,-0.004747513623763355
Ziegler-Nichols relay,2.14,0.8,0.8044960968851808,0.7909195930017151,-0.0044960968851807115
Ziegler-Nichols relay,2.15,0.8,0.8040624240560682,0.7806440912839927,-0.004062424056068159
Ziegler-Nichols relay,2.16,0.8,0.8039122066844283,0.7958004686158763,-0.0039122066844282655
Ziegler-Nichols relay,2.17,0.8,0.8038021217933949,0.7978575376775945,-0.003802121793394897
Ziegler-Nichols relay,2.18,0.8,0.8042939226090027,0.8308511666518182,-0.004293922609002632
Ziegler-Nichols relay,2.19,0.8,0.8038830282674377,0.7816947338229293,-0.0038830282674376937
Ziegler-Nichols relay,2.2,0.8,0.8054991604145851,0.8927702963605451,-0.005499160414585091
Ziegler-Nichols relay,2.21,0.8,0.8044497870102515,0.7477836231762321,-0.004449787010251449
Ziegler-Nichols relay,2.22,0.8,0.8048518499989684,0.8265632513896821,-0.004851849998968372
Ziegler-Nichols relay,2.23,0.8,0.8027899065887595,0.6914449624374777,-0.0027899065887594388
Ziegler-Nichols relay,2.24,0.8,0.8014278728672747,0.7278780519070924,-0.0014278728672746377
Ziegler-Nichols relay,2.25,0.8,0.8037088490709736,0.926881564070716,-0.0037088490709735744
Ziegler-Nichols relay,2.2600000000000002,0.8,0.8028855543278406,0.7584276381986551,-0.002885554327840545
Ziegler-Nichols relay,2.27,0.8,0.8026424329808428,0.78951388024296,-0.0026424329808427682
Ziegler-Nichols relay,2.2800000000000002,0.8,0.8033510556035919,0.8416166772320403,-0.003351055603591835
Ziegler-Nichols relay,2.29,0.8,0.8021717512425725,0.7384893157475232,-0.002171751242572406
Ziegler-Nichols relay,2.3000000000000003,0.8,0.8024311347137926,0.8164378421596811,-0.0024311347137925265
Ziegler-Nichols relay,2.31,0.8,0.8038025497123585,0.8778589596349198,-0.003802549712358494
Ziegler-Nichols relay,2.32,0.8,0.8030929040777538,0.7647720398090968,-0.0030929040777537553
Ziegler-Nichols relay,2.33,0.8,0.8025662123711574,0.7741248602149555,-0.0025662123711573948
Ziegler-Nichols relay,2.34,0.8,0.8019940601430016,0.7710978398225864,-0.0019940601430015192
Ziegler-Nichols relay,2.35,0.8,0.8029381965216301,0.8539215609675701,-0.0029381965216300765
Ziegler-Nichols relay,2.36,0.8,0.8016420937214629,0.7316525425124296,-0.001642093721462845
Ziegler-Nichols relay,2.37,0.8,0.8007610248747419,0.7531833071518051,-0.0007610248747418336
Ziegler-Nichols relay,2.38,0.8,0.8020410456524851,0.8711621676506198,-0.002041045652485085
Ziegler-Nichols relay,2.39,0.8,0.8022455038021767,0.8132862438855248,-0.002245503802176696
Ziegler-Nichols relay,2.4,0.8,0.8017776372777339,0.7765128449578185,-0.0017776372777338345
Ziegler-Nichols relay,2.41,0.8,0.8019666352609743,0.8121725263559592,-0.001966635260974292
Ziegler-Nichols relay,2.42,0.8,0.7997974160660986,0.6826595795428047,0.0002025839339014901
Ziegler-Nichols relay,2.43,0.8,0.8000200653540025,0.8120431269008159,-2.0065354002452018e-05
Ziegler-Nichols relay,2.44,0.8,0.801266358323639,0.8685661786840083,-0.001266358323638972
Ziegler-Nichols relay,2.45,0.8,0.8017140472859714,0.8258892512519207,-0.001714047285971354
Ziegler-Nichols relay,2.46,0.8,0.8012423274333598,0.7757694553923347,-0.0012423274333597245
Ziegler-Nichols relay,2.47,0.8,0.7986670207788673,0.6596004614362718,0.0013329792211327351
Ziegler-Nichols relay,2.48,0.8,0.799570526829419,0.8483598535592115,0.0004294731705810628
Ziegler-Nichols relay,2.49,0.8,0.7997130231321912,0.8074078234818911,0.00028697686780887466
Ziegler-Nichols relay,2.5,0.8,0.7993678568695958,0.7807288786894425,0.0006321431304042724
Ziegler-Nichols relay,2.5100000000000002,0.8,0.7996673268257404,0.8158387044575468,0.0003326731742596678
Ziegler-Nichols relay,2.52,0.8,0.7975296294404135,0.6820939706327603,0.0024703705595865433
Ziegler-Nichols relay,2.5300000000000002,0.8,0.7990005559342171,0.8784305865996171,0.0009994440657828951
Ziegler-Nichols relay,2.54,0.8,0.7985224704277708,0.7727058530796708,0.0014775295722292414
Ziegler-Nichols relay,2.5500000000000003,0.8,0.7987768364442025,0.8125126013315142,0.0012231635557975462
Ziegler-Nichols relay,2.56,0.8,0.7984284464109087,0.7796153846130461,0.0015715535890913346
Ziegler-Nichols relay,2.57,0.8,0.7999474142505234,0.881971677589718,5.25857494766413e-05
Ziegler-Nichols relay,2.58,0.8,0.7979158481682954,0.6882112797279848,0.002084151831704628
Ziegler-Nichols relay,2.59,0.8,0.7985875557724963,0.8348597663993417,0.0014124442275037508
Ziegler-Nichols relay,2.6,0.8,0.7987778186791168,0.8090520156366217,0.0012221813208832533
Ziegler-Nichols relay,2.61,0.8,0.7998106580771216,0.8555839855693812,0.00018934192287844986
Ziegler-Nichols relay,2.62,0.8,0.8001952509249217,0.8209632647061293,-0.00019525092492167495
Ziegler-Nichols relay,2.63,0.8,0.7991713079033094,0.7438783847362446,0.0008286920966906752
Ziegler-Nichols relay,2.64,0.8,0.7981901005808896,0.7452049051702228,0.0018098994191104723
Ziegler-Nichols relay,2.65,0.8,0.7978440909396922,0.7791595703150328,0.0021559090603078257
Ziegler-Nichols relay,2.66,0.8,0.7971687055515145,0.7606978945899218,0.0028312944484855107
Ziegler-Nichols relay,2.67,0.8,0.7972236170089854,0.8001888357124098,0.002776382991014681
Ziegler-Nichols relay,2.68,0.8,0.7978754760110622,0.8330758621232127,0.00212452398893781
Ziegler-Nichols relay,2.69,0.8,0.7974225030988218,0.7729619658378379,0.0025774969011782556
Ziegler-Nichols relay,2.7,0.8,0.7973764251199094,0.7948882142586354,0.0026235748800906844
Ziegler-Nichols relay,2.71,0.8,0.7979977423157397,0.8315488708905766,0.0020022576842603224
Ziegler-Nichols relay,2.72,0.8,0.7975245012283496,0.7719694825092818,0.0024754987716504306
Ziegler-Nichols relay,2.73,0.8,0.7966964237965606,0.7519802424799542,0.0033035762034394622
Ziegler-Nichols relay,2.74,0.8,0.7972232882666125,0.8256739696494135,0.00277671173338756
Ziegler-Nichols relay,2.75,0.8,0.7980679392397407,0.8436790917886691,0.0019320607602593132
Ziegler-Nichols relay,2.7600000000000002,0.8,0.7974899961055623,0.7662810668599238,0.0025100038944377845
Ziegler-Nichols relay,2.77,0.8,0.7960066971645631,0.7159085543506044,0.003993302835436974
Ziegler-Nichols relay,2.7800000000000002,0.8,0.7971970059421675,0.8614736799328027,0.002802994057832575
Ziegler-Nichols relay,2.79,0.8,0.7977251485833086,0.8262448512049284,0.0022748514166914813
Ziegler-Nichols relay,2.8000000000000003,0.8,0.7980651641527725,0.8164260049038258,0.001934835847227534
Ziegler-Nichols relay,2.81,0.8,0.7969419471500205,0.7362882290014153,0.003058052849979509
Ziegler-Nichols relay,2.82,0.8,0.7992932507612879,0.9262636457697221,0.0007067492387121677
Ziegler-Nichols relay,2.83,0.8,0.798493535343296,0.7553089027717343,0.0015064646567040096
Ziegler-Nichols relay,2.84,0.8,0.7972737197296935,0.731403676595155,0.0027262802703065248
Ziegler-Nichols relay,2.85,0.8,0.7985488790691921,0.8674074834021203,0.0014511209308079032
Ziegler-Nichols relay,2.86,0.8,0.7970325749655719,0.7151521533700772,0.0029674250344281505
Ziegler-Nichols relay,2.87,0.8,0.7971096376899544,0.8012710248066063,0.002890362310045691
Ziegler-Nichols relay,2.88,0.8,0.7981966176534885,0.856893535684331,0.0018033823465115617
Ziegler-Nichols relay,2.89,0.8,0.798080707707814,0.791821570641391,0.0019192922921860145
Ziegler-Nichols relay,2.9,0.8,0.7997304021056402,0.8888138995882517,0.00026959789435987425
Ziegler-Nichols relay,2.91,0.8,0.7997584193482399,0.8012713504486215,0.00024158065176016486
Ziegler-Nichols relay,2.92,0.8,0.7974987438288038,0.6754762657792552,0.002501256171196231
Ziegler-Nichols relay,2.93,0.8,0.7988975905154057,0.8744353115919055,0.001102409484594391
Ziegler-Nichols relay,2.94,0.8,0.7970255550770805,0.6959356414075246,0.002974444922919539
Ziegler-Nichols relay,2.95,0.8,0.797846684401783,0.8421876679357182,0.002153315598217076
Ziegler-Nichols relay,2.96,0.8,0.7972475911246901,0.7648965541616773,0.0027524088753099196
Ziegler-Nichols relay,2.97,0.8,0.7978273802566237,0.8291359933810389,0.0021726197433763472
Ziegler-Nichols relay,2.98,0.8,0.8003792352995406,0.938179407617053,-0.0003792352995405368
Ziegler-Nichols relay,2.99,0.8,0.8002344283943965,0.7924148555166148,-0.00023442839439646868
Ziegler-Nichols relay,3.0,0.8,0.7994779626060773,0.7586288100368367,0.0005220373939227585
Ziegler-Nichols relay,3.0100000000000002,0.8,0.8004093748574135,0.8507056364295668,-0.00040937485741343593
Ziegler-Nichols relay,3.02,0.8,0.8011782341908698,0.8426966381975095,-0.0011782341908697092
Ziegler-Nichols relay,3.0300000000000002,0.8,0.8000103475148581,0.7369444670102283,-1.0347514858066731e-05
Ziegler-Nichols relay,3.04,0.8,0.8003975219082134,0.8213049391494028,-0.00039752190821340516
Ziegler-Nichols relay,3.0500000000000003,0.8,0.8016795916528837,0.8709113578650751,-0.0016795916528836718
Ziegler-Nichols relay,3.06,0.8,0.8014797375238912,0.7906876145582974,-0.0014797375238911892
Ziegler-Nichols relay,3.0700000000000003,0.8,0.7999294135559913,0.7162119192893989,7.058644400870229e-05
Ziegler-Nichols relay,3.08,0.8,0.8003929569643967,0.8254243010182886,-0.0003929569643966735
Ziegler-Nichols relay,3.09,0.8,0.7992999727964358,0.7402788277265483,0.000700027203564213
Ziegler-Nichols relay,3.1,0.8,0.7981101877512047,0.7338617953087204,0.001889812248795364
Ziegler-Nichols relay,3.11,0.8,0.7988691721871938,0.8398543317306076,0.0011308278128062677
Ziegler-Nichols relay,3.12,0.8,0.8004035850389852,0.8832618790357265,-0.00040358503898518805
Ziegler-Nichols relay,3.13,0.8,0.8014461837813587,0.8577465158695273,-0.0014461837813586342
Ziegler-Nichols relay,3.14,0.8,0.8008336366242366,0.7677560901396454,-0.0008336366242365223
Ziegler-Nichols relay,3.15,0.8,0.7996445005246713,0.7354311511481442,0.0003554994753287577
Ziegler-Nichols relay,3.16,0.8,0.7995815995686003,0.7961849479407673,0.0004184004313997347
Ziegler-Nichols relay,3.17,0.8,0.7992679468122715,0.7823306979705148,0.0007320531877285097
Ziegler-Nichols relay,3.18,0.8,0.8000457302366146,0.8420460351511401,-4.5730236614582864e-05
Ziegler-Nichols relay,3.19,0.8,0.7997560675240253,0.7841142810442001,0.00024393247597476186
Ziegler-Nichols relay,3.2,0.8,0.8003482251117678,0.8323247348498679,-0.000348225111767797
Ziegler-Nichols relay,3.21,0.8,0.8005482060791378,0.8113471783171122,-0.0005482060791377474
Ziegler-Nichols relay,3.22,0.8,0.8016225801516178,0.8596387800655393,-0.0016225801516177585
Ziegler-Nichols relay,3.23,0.8,0.8025387472697644,0.8520117716496771,-0.00253874726976433
Ziegler-Nichols relay,3.24,0.8,0.8020529387665403,0.7758192795924393,-0.0020529387665402243
Ziegler-Nichols relay,3.25,0.8,0.8024485257649585,0.8238102236795407,-0.0024485257649584646
Ziegler-Nichols relay,3.2600000000000002,0.8,0.8025803863184667,0.8097008562079138,-0.0025803863184666875
Ziegler-Nichols relay,3.27,0.8,0.8011192413612465,0.7222174136713535,-0.0011192413612464147
Ziegler-Nichols relay,3.2800000000000002,0.8,0.8010815111428379,0.7990440793487755,-0.0010815111428378321
Ziegler-Nichols relay,3.29,0.8,0.7981157675031498,0.6379656109599955,0.0018842324968502133
Ziegler-Nichols relay,3.3000000000000003,0.8,0.7983364799109267,0.8102549499308804,0.0016635200890733337
Ziegler-Nichols relay,3.31,0.8,0.7999080677297262,0.8847738099448984,9.193227027382012e-05
Ziegler-Nichols relay,3.3200000000000003,0.8,0.7993769612983898,0.7706972140062215,0.0006230387016102901
Ziegler-Nichols relay,3.33,0.8,0.7994618366003274,0.8040451029049626,0.0005381633996726087
Ziegler-Nichols relay,3.34,0.8,0.8004978981341235,0.8564452209591118,-0.0004978981341234867
Ziegler-Nichols relay,3.35,0.8,0.7993277790889415,0.7361413506491128,0.0006722209110585631
Ziegler-Nichols relay,3.36,0.8,0.8004857277755384,0.863014956851769,-0.0004857277755383471
Ziegler-Nichols relay,3.37,0.8,0.8033594939586013,0.9585428678439988,-0.003359493958601245
Ziegler-Nichols relay,3.38,0.8,0.8012744998112473,0.6886848158541325,-0.001274499811247276
Ziegler-Nichols relay,3.39,0.8,0.8015255691073526,0.8150833110970359,-0.0015255691073525757
Ziegler-Nichols relay,3.4,0.8,0.7996372918168073,0.6976703181273582,0.00036270818319272813
Ziegler-Nichols relay,3.41,0.8,0.8006493145589382,0.8552985426340065,-0.00064931455893813
Ziegler-Nichols relay,3.42,0.8,0.8017262562655288,0.8598811084214242,-0.0017262562655288027
Ziegler-Nichols relay,3.43,0.8,0.7996869295642186,0.6895632876934683,0.00031307043578143734
Ziegler-Nichols relay,3.44,0.8,0.801093149774779,0.8770290411450375,-0.0010931497747789232
Ziegler-Nichols relay,3.45,0.8,0.8006320496297782,0.7757326417997381,-0.0006320496297781419
Ziegler-Nichols relay,3.46,0.8,0.799158677762964,0.7195965969549969,0.0008413222370360351
Ziegler-Nichols relay,3.47,0.8,0.7996034316142624,0.8236201395843769,0.0003965683857376501
Ziegler-Nichols relay,3.48,0.8,0.8000090578855243,0.8219128765336684,-9.057885524299536e-06
Ziegler-Nichols relay,3.49,0.8,0.8000387834269159,0.8016439626620634,-3.8783426915878216e-05
Ziegler-Nichols relay,3.5,0.8,0.7993229979905566,0.7606705844271567,0.0006770020094434281
Ziegler-Nichols relay,3.5100000000000002,0.8,0.8005020644038557,0.8641716507220103,-0.0005020644038556954
Ziegler-Nichols relay,3.52,0.8,0.7997727156721497,0.760387884160023,0.00022728432785035224
Ziegler-Nichols relay,3.5300000000000002,0.8,0.7993861807441633,0.7785132946329,0.0006138192558367006
Ziegler-Nichols relay,3.54,0.8,0.7974312591812144,0.6918654947819723,0.002568740818785664
Ziegler-Nichols relay,3.5500000000000003,0.8,0.798875733203987,0.8768773304337042,0.0011242667960130737
Ziegler-Nichols relay,3.56,0.8,0.8002027235398127,0.8718602016744027,-0.00020272353981265478
Ziegler-Nichols relay,3.5700000000000003,0.8,0.7993322620114861,0.7523273394818526,0.000667737988513939
Ziegler-Nichols relay,3.58,0.8,0.7999417665692199,0.8328550126868445,5.823343078015242e-05
Ziegler-Nichols relay,3.59,0.8,0.7996105809872439,0.7817265595605422,0.00038941901275613144
Ziegler-Nichols relay,3.6,0.8,0.7995739465950807,0.7975956894182703,0.0004260534049193021
Ziegler-Nichols relay,3.61,0.8,0.7985350270855193,0.7424333735692018,0.0014649729144807777
Ziegler-Nichols relay,3.62,0.8,0.7997067000015476,0.8629770374670784,0.00029329999845240096
Ziegler-Nichols relay,3.63,0.8,0.7998019370879996,0.8049447397564045,0.00019806291200041848
Ziegler-Nichols relay,3.64,0.8,0.802260252535743,0.9350092867138808,-0.0022602525357429126
Ziegler-Nichols relay,3.65,0.8,0.8020704643264237,0.7918219010231868,-0.00207046432642366
Ziegler-Nichols relay,3.66,0.8,0.7996629967823277,0.6696597494011437,0.0003370032176723825
Ziegler-Nichols relay,3.67,0.8,0.8004895316278725,0.8451224132872965,-0.0004895316278724637
Ziegler-Nichols relay,3.68,0.8,0.8009778567827577,0.8273474151465587,-0.0009778567827576357
Ziegler-Nichols relay,3.69,0.8,0.8017783095855897,0.8450027609385214,-0.0017783095855896658
Ziegler-Nichols relay,3.7,0.8,0.8005131170821963,0.7321927218989518,-0.0005131170821962572
Ziegler-Nichols relay,3.71,0.8,0.8002148110974575,0.7841062879215618,-0.00021481109745746796
Ziegler-Nichols relay,3.72,0.8,0.8013796784519366,0.8642825155938053,-0.001379678451936539
Ziegler-Nichols relay,3.73,0.8,0.8002430172772814,0.7388633138459023,-0.00024301727728137656
Ziegler-Nichols relay,3.74,0.8,0.8000092591108254,0.7873863181222049,-9.259110825388106e-06
Ziegler-Nichols relay,3.75,0.8,0.7993860878241101,0.7657348383414868,0.000613912175889908
Ziegler-Nichols relay,3.7600000000000002,0.8,0.8003752150592685,0.8537880857578195,-0.0003752150592684078
Ziegler-Nichols relay,3.77,0.8,0.7985992511309696,0.7026971990028305,0.0014007488690304104
Ziegler-Nichols relay,3.7800000000000002,0.8,0.798865856469197,0.8132625447334789,0.001134143530802989
Ziegler-Nichols relay,3.79,0.8,0.7994877905304608,0.8330722298387048,0.0005122094695392265
Ziegler-Nichols relay,3.8000000000000003,0.8,0.8002059927979251,0.8389889152410003,-0.00020599279792510305
Ziegler-Nichols relay,3.81,0.8,0.8003406369847267,0.8076114230720125,-0.00034063698472663884
Ziegler-Nichols relay,3.8200000000000003,0.8,0.7993473852621816,0.7457117922447494,0.0006526147378184133
Ziegler-Nichols relay,3.83,0.8,0.799880462918467,0.8286666563578801,0.00011953708153300546
Ziegler-Nichols relay,3.84,0.8,0.7988560032474386,0.7435351810119003,0.0011439967525614936
Ziegler-Nichols relay,3.85,0.8,0.7987437197160269,0.7926804090197976,0.0012562802839731768
Ziegler-Nichols relay,3.86,0.8,0.7979000662988136,0.7523427817692965,0.0020999337011864405
Ziegler-Nichols relay,3.87,0.8,0.7978985181660021,0.7978149189941793,0.0021014818339979424
Ziegler-Nichols relay,3.88,0.8,0.7987024677687304,0.842115746316058,0.0012975322312696047
Ziegler-Nichols relay,3.89,0.8,0.8009258633789473,0.9209892263306614,-0.0009258633789472892
Ziegler-Nichols relay,3.9,0.8,0.8000425025377649,0.7523410171139109,-4.250253776483248e-05
Ziegler-Nichols relay,3.91,0.8,0.7990938210783214,0.7478650222683738,0.0009061789216786575
Ziegler-Nichols relay,3.92,0.8,0.7991693544910392,0.8032481587778035,0.0008306455089608367
Ziegler-Nichols relay,3.93,0.8,0.7988171009255928,0.7797954083914863,0.0011828990744072732
Ziegler-Nichols relay,3.94,0.8,0.7996075623584897,0.842292479734924,0.0003924376415103126
Ziegler-Nichols relay,3.95,0.8,0.7999607036170087,0.8190303315770315,3.929638299138283e-05
Ziegler-Nichols relay,3.96,0.8,0.8007209762687337,0.8417756994618892,-0.0007209762687336863
Ziegler-Nichols relay,3.97,0.8,0.7989288197930968,0.702152370108702,0.0010711802069032217
Ziegler-Nichols relay,3.98,0.8,0.7990978102785369,0.8082232964922996,0.0009021897214631647
Ziegler-Nichols relay,3.99,0.8,0.7998144765526731,0.8385144553560311,0.0001855234473269185
Ziegler-Nichols relay,4.0,0.8,0.8010398921992054,0.867212337111944,-0.0010398921992053056
Ziegler-Nichols relay,4.01,0.8,0.8006117619000496,0.7774927257456391,-0.0006117619000495234
Ziegler-Nichols relay,4.0200000000000005,0.8,0.7988481117762039,0.7036110050885357,0.0011518882237961936
Ziegler-Nichols relay,4.03,0.8,0.7988082868596847,0.7966577413676548,0.001191713140315298
Ziegler-Nichols relay,4.04,0.8,0.7999200202765677,0.8599536247882489,7.997972343232185e-05
Ziegler-Nichols relay,4.05,0.8,0.7984405594316925,0.7185496738084282,0.0015594405683075907
Ziegler-Nichols relay,4.0600000000000005,0.8,0.7975918712647229,0.7517627102483675,0.002408128735277182
Ziegler-Nichols relay,4.07,0.8,0.7975041274575322,0.7927659618692341,0.0024958725424678585
Ziegler-Nichols relay,4.08,0.8,0.7975883019336862,0.8021337236460045,0.0024116980663138055
Ziegler-Nichols relay,4.09,0.8,0.797229138079059,0.7778342899291893,0.0027708619209410035
Ziegler-Nichols relay,4.1,0.8,0.7975753389955723,0.816270188487289,0.0024246610044277306
Ziegler-Nichols relay,4.11,0.8,0.7975014619383464,0.7935121008481453,0.0024985380616536768
Ziegler-Nichols relay,4.12,0.8,0.7989422539155691,0.8767450206855947,0.0010577460844309883
Ziegler-Nichols relay,4.13,0.8,0.7975208125922016,0.7207629811303597,0.0024791874077984
Ziegler-Nichols relay,4.14,0.8,0.7979430941154811,0.8207462963725733,0.0020569058845189003
Ziegler-Nichols relay,4.15,0.8,0.7964080232465248,0.7135141963228864,0.0035919767534752234
Ziegler-Nichols relay,4.16,0.8,0.7994710956155759,0.964877003544334,0.0005289043844241004
Ziegler-Nichols relay,4.17,0.8,0.7985129583826789,0.7467735478062393,0.001487041617321161
Ziegler-Nichols relay,4.18,0.8,0.797720972156377,0.7549537159360811,0.002279027843622994
Ziegler-Nichols relay,4.19,0.8,0.79855902798791,0.8438140428906874,0.001440972012090036
Ziegler-Nichols relay,4.2,0.8,0.798252844425397,0.7817189320496957,0.001747155574603032
Ziegler-Nichols relay,4.21,0.8,0.7977943529249811,0.7730358119025214,0.0022056470750189128
Ziegler-Nichols relay,4.22,0.8,0.7976942669738617,0.7922896256134139,0.0023057330261383457
Ziegler-Nichols relay,4.23,0.8,0.7987139689374879,0.853777874973304,0.0012860310625121274
Ziegler-Nichols relay,4.24,0.8,0.7989043212606943,0.8091833467138391,0.0010956787393057166
Ziegler-Nichols relay,4.25,0.8,0.7978972430897688,0.7435150218597948,0.002102756910231207
Ziegler-Nichols relay,4.26,0.8,0.7970796975851888,0.7529322403378704,0.0029203024148112267
Ziegler-Nichols relay,4.2700000000000005,0.8,0.7977456101951305,0.8337048911319772,0.002254389804869583
Ziegler-Nichols relay,4.28,0.8,0.7981231866556474,0.8185123155235638,0.0018768133443526347
Ziegler-Nichols relay,4.29,0.8,0.7982127134739058,0.8030471616598576,0.0017872865260942783
Ziegler-Nichols relay,4.3,0.8,0.7974495699871751,0.7562398217037212,0.0025504300128249557
Ziegler-Nichols relay,4.3100000000000005,0.8,0.7990531127358254,0.8856444211629424,0.0009468872641746895
Ziegler-Nichols relay,4.32,0.8,0.8002373254423399,0.8641848115941254,-0.00023732544233989739
Ziegler-Nichols relay,4.33,0.8,0.7995364450687995,0.7616889048976165,0.00046355493120053826
Ziegler-Nichols relay,4.34,0.8,0.8003911286090638,0.8465440397833351,-0.00039112860906376223
Ziegler-Nichols relay,4.3500000000000005,0.8,0.8004165190775882,0.8017876043779016,-0.0004165190775881067
Ziegler-Nichols relay,4.36,0.8,0.7998301679408526,0.768167206557134,0.0001698320591474456
Ziegler-Nichols relay,4.37,0.8,0.7991546107343227,0.7626745215817108,0.0008453892656773432
Ziegler-Nichols relay,4.38,0.8,0.8003110303951692,0.8627576920808773,-0.0003110303951691096
Ziegler-Nichols relay,4.39,0.8,0.7991634029764605,0.7371915223661957,0.0008365970235395537
Ziegler-Nichols relay,4.4,0.8,0.8010515711103833,0.9030126503422125,-0.0010515711103832315
Ziegler-Nichols relay,4.41,0.8,0.7998899248942541,0.7371610292232789,0.00011007510574589929
Ziegler-Nichols relay,4.42,0.8,0.8013446272408681,0.879898553958021,-0.0013446272408680349
Ziegler-Nichols relay,4.43,0.8,0.8019140391941381,0.8326622846707155,-0.0019140391941380175
Ziegler-Nichols relay,4.44,0.8,0.8004309985482396,0.7203468036697254,-0.0004309985482395806
Ziegler-Nichols relay,4.45,0.8,0.8006609582503289,0.8130787821631515,-0.000660958250328858
Ziegler-Nichols relay,4.46,0.8,0.8011952756359954,0.830048414461984,-0.0011952756359953076
Ziegler-Nichols relay,4.47,0.8,0.8011881388522922,0.8008027525323222,-0.0011881388522921865
Ziegler-Nichols relay,4.48,0.8,0.8003326112212171,0.7541341191431601,-0.00033261122121708286
Ziegler-Nichols relay,4.49,0.8,0.8003751235967552,0.80267079187581,-0.00037512359675517803
Ziegler-Nichols relay,4.5,0.8,0.8003815837277621,0.8007304308021331,-0.0003815837277620915
Ziegler-Nichols relay,4.51,0.8,0.7993327468245569,0.7426955540514768,0.0006672531754431388
Ziegler-Nichols relay,4.5200000000000005,0.8,0.8004575427407977,0.8611965222178048,-0.0004575427407976784
Ziegler-Nichols relay,4.53,0.8,0.8008477850272778,0.8219208684972005,-0.0008477850272777809
Ziegler-Nichols relay,4.54,0.8,0.801132008471759,0.8164800744737457,-0.001132008471758983
Ziegler-Nichols relay,4.55,0.8,0.7996635587888018,0.720367275909114,0.0003364412111982462
Ziegler-Nichols relay,4.5600000000000005,0.8,0.799006907496884,0.7635477377333221,0.0009930925031160776
Ziegler-Nichols relay,4.57,0.8,0.7983168297548031,0.761052631682439,0.00168317024519693
Ziegler-Nichols relay,4.58,0.8,0.7991687534574813,0.845172633402101,0.0008312465425187598
Ziegler-Nichols relay,4.59,0.8,0.7997312729216098,0.8301073239845536,0.0002687270783902074
Ziegler-Nichols relay,4.6000000000000005,0.8,0.7990477154070798,0.7621356096224576,0.0009522845929202939
Ziegler-Nichols relay,4.61,0.8,0.7998608964303278,0.8437726716857179,0.0001391035696722831
Ziegler-Nichols relay,4.62,0.8,0.799111704463739,0.7586553382679482,0.000888295536261019
Ziegler-Nichols relay,4.63,0.8,0.7987790150110379,0.7808137845651761,0.0012209849889621704
Ziegler-Nichols relay,4.64,0.8,0.7999527757991642,0.8633358583579853,4.722420083580481e-05
Ziegler-Nichols relay,4.65,0.8,0.8000052082010706,0.8028365579040148,-5.208201070527885e-06
Ziegler-Nichols relay,4.66,0.8,0.800076731124443,0.8039389689865536,-7.673112444295249e-05
Ziegler-Nichols relay,4.67,0.8,0.7983161614575484,0.7032453994452398,0.0016838385424516877
Ziegler-Nichols relay,4.68,0.8,0.7964664461980803,0.6965818221868006,0.0035335538019197754
Ziegler-Nichols relay,4.69,0.8,0.7979738738980408,0.8793749696959068,0.0020261261019592913
Ziegler-Nichols relay,4.7,0.8,0.7986495235933417,0.8351346071395935,0.0013504764066583075
Ziegler-Nichols relay,4.71,0.8,0.8012442663703024,0.94136037632618,-0.0012442663703023937
Ziegler-Nichols relay,4.72,0.8,0.8003012705930338,0.7493794986205283,-0.00030127059303375336
Ziegler-Nichols relay,4.73,0.8,0.8000231728921622,0.785005897045095,-2.3172892162137693e-05
Ziegler-Nichols relay,4.74,0.8,0.8009277812445432,0.8497766322731212,-0.0009277812445431799
Ziegler-Nichols relay,4.75,0.8,0.7996547667826313,0.7309119858393825,0.00034523321736879
Ziegler-Nichols relay,4.76,0.8,0.8012500846054059,0.8873972470352358,-0.0012500846054058767
Ziegler-Nichols relay,4.7700000000000005,0.8,0.800859091372279,0.7797454567834231,-0.0008590913722789084
Ziegler-Nichols relay,4.78,0.8,0.8003313069240856,0.7718309467216437,-0.0003313069240855615
Ziegler-Nichols relay,4.79,0.8,0.8014095851097165,0.8596366071337861,-0.0014095851097164491
Ziegler-Nichols relay,4.8,0.8,0.7999929243191347,0.7234932416277201,7.075680865331613e-06
Ziegler-Nichols relay,4.8100000000000005,0.8,0.7990165292984098,0.7462911981792644,0.0009834707015902167
Ziegler-Nichols relay,4.82,0.8,0.8008313886667748,0.8988337945584852,-0.0008313886667747905
Ziegler-Nichols relay,4.83,0.8,0.8018782814360342,0.8584104909760442,-0.0018782814360341904
Ziegler-Nichols relay,4.84,0.8,0.8005479874686382,0.7287121132292527,-0.0005479874686381558
Ziegler-Nichols relay,4.8500000000000005,0.8,0.8004430988793168,0.7947791150559609,-0.00044309887931670566
Ziegler-Nichols relay,4.86,0.8,0.801544152489717,0.8610010474513329,-0.0015441524897169545
Ziegler-Nichols relay,4.87,0.8,0.8012947119465886,0.7878249226176575,-0.0012947119465885892
Ziegler-Nichols relay,4.88,0.8,0.8010013830625349,0.7851616233236334,-0.001001383062534833
Ziegler-Nichols relay,4.89,0.8,0.8008902318417248,0.7948880659179817,-0.0008902318417247645
Ziegler-Nichols relay,4.9,0.8,0.7998920589634861,0.745990723538601,0.0001079410365139033
Ziegler-Nichols relay,4.91,0.8,0.7997540649688649,0.7923023892593198,0.00024593503113512494
Ziegler-Nichols relay,4.92,0.8,0.7983018397438366,0.7198816775923079,0.001698160256163428
Ziegler-Nichols relay,4.93,0.8,0.7978215837535793,0.7718877602796825,0.002178416246420789
Ziegler-Nichols relay,4.94,0.8,0.7981613926156216,0.816511071165905,0.0018386073843784656
Ziegler-Nichols relay,4.95,0.8,0.7979010999133302,0.7838452939895987,0.002098900086669797
Ziegler-Nichols relay,4.96,0.8,0.7974556792250147,0.7734029620559767,0.0025443207749853425
Ziegler-Nichols relay,4.97,0.8,0.7977442994755019,0.8133297930018083,0.0022557005244981942
Ziegler-Nichols relay,4.98,0.8,0.7997351949119967,0.9072435484827193,0.00026480508800330593
Ziegler-Nichols relay,4.99,0.8,0.7988073261283739,0.7487024118127408,0.0011926738716261376
Ziegler-Nichols relay,5.0,0.8,0.7990471523800322,0.8119977699695784,0.0009528476199678337
Ziegler-Nichols relay,5.01,0.8,0.7976607195522992,0.7227933468547207,0.00233928044770082
Ziegler-Nichols relay,5.0200000000000005,0.8,0.7983366133592797,0.8348348789362291,0.001663386640720299
Ziegler-Nichols relay,5.03,0.8,0.7982621448064654,0.7942408429544937,0.0017378551935346431
Ziegler-Nichols relay,5.04,0.8,0.7983885627455893,0.8052151314582817,0.001611437254410708
Ziegler-Nichols relay,5.05,0.8,0.7971205580077834,0.7286483021662635,0.0028794419922166803
Ziegler-Nichols relay,5.0600000000000005,0.8,0.7978359769344368,0.836468598973721,0.002164023065563292
Ziegler-Nichols relay,5.07,0.8,0.7986385893927783,0.8419796621432224,0.0013614106072217247
Ziegler-Nichols relay,5.08,0.8,0.7985153754571095,0.7918618229309927,0.0014846245428905558
Ziegler-Nichols relay,5.09,0.8,0.7991747920934769,0.8347832904573125,0.0008252079065231843
Ziegler-Nichols relay,5.1000000000000005,0.8,0.7989678790890709,0.7877945768511472,0.0010321209109291907
Ziegler-Nichols relay,5.11,0.8,0.7990292008598662,0.8023405764828125,0.0009707991401338711
Ziegler-Nichols relay,5.12,0.8,0.7988016491059722,0.7865138543956942,0.0011983508940278664
Ziegler-Nichols relay,5.13,0.8,0.7970672239389583,0.7034082649202087,0.0029327760610416975
Ziegler-Nichols relay,5.14,0.8,0.7983365959150113,0.8668826826218713,0.0016634040849887732
Ziegler-Nichols relay,5.15,0.8,0.7985977125001869,0.8126980080996652,0.001402287499813193
Ziegler-Nichols relay,5.16,0.8,0.7989753392918039,0.8193671860391205,0.001024660708196179
Ziegler-Nichols relay,5.17,0.8,0.7983463303816636,0.7643798492340911,0.0016536696183364619
Ziegler-Nichols relay,5.18,0.8,0.7998046537500557,0.8785541156432309,0.00019534624994432814
Ziegler-Nichols relay,5.19,0.8,0.8001702814830404,0.8199141790642123,-0.0001702814830403243
Ziegler-Nichols relay,5.2,0.8,0.7997814074121308,0.7787822075830136,0.00021859258786927072
Ziegler-Nichols relay,5.21,0.8,0.7990271166959958,0.7582954180247075,0.0009728833040042462
Ziegler-Nichols relay,5.22,0.8,0.7991961919652772,0.8083262565064743,0.0008038080347227972
Ziegler-Nichols relay,5.23,0.8,0.7997434788851356,0.829296972557487,0.0002565211148644053
Ziegler-Nichols relay,5.24,0.8,0.8004295160333219,0.8374755220353777,-0.00042951603332186394
Ziegler-Nichols relay,5.25,0.8,0.7995066685286553,0.7496729032766583,0.0004933314713447823
Ziegler-Nichols relay,5.26,0.8,0.798103048672473,0.7223075764386299,0.0018969513275270966
Ziegler-Nichols relay,5.2700000000000005,0.8,0.7983920539241421,0.8139983375142773,0.0016079460758579023
Ziegler-Nichols relay,5.28,0.8,0.7986635807571301,0.8133260297384802,0.0013364192428699795
Ziegler-Nichols relay,5.29,0.8,0.7985541725889461,0.7926461315070151,0.0014458274110539238
Ziegler-Nichols relay,5.3,0.8,0.7998359384222762,0.8690512934221005,0.00016406157772386187
Ziegler-Nichols relay,5.3100000000000005,0.8,0.7999542670856048,0.8063440149053502,4.573291439524674e-05
Ziegler-Nichols relay,5.32,0.8,0.8000062307386996,0.80281226800582,-6.230738699541938e-06
Ziegler-Nichols relay,5.33,0.8,0.7995134769594087,0.7729047728777008,0.0004865230405913801
Ziegler-Nichols relay,5.34,0.8,0.799572538675769,0.8027618713592287,0.00042746132423099326
Ziegler-Nichols relay,5.3500000000000005,0.8,0.8007732326227829,0.8656107057615277,-0.0007732326227828379
Ziegler-Nichols relay,5.36,0.8,0.7991954735774542,0.7139964851297096,0.0008045264225458038
Ziegler-Nichols relay,5.37,0.8,0.7977674440304653,0.720653848493063,0.002232555969534755
Ziegler-Nichols relay,5.38,0.8,0.7988419629803721,0.8568659862753418,0.001158037019627911
Ziegler-Nichols relay,5.39,0.8,0.7987760130703232,0.7952147179276827,0.0012239869296768457
Ziegler-Nichols relay,5.4,0.8,0.7988557315891238,0.80316053160436,0.0011442684108762258
Ziegler-Nichols relay,5.41,0.8,0.7983853113147701,0.7729826164996709,0.0016146886852299591
Ziegler-Nichols relay,5.42,0.8,0.8003145783235456,0.9044949967974218,-0.0003145783235455335
Ziegler-Nichols relay,5.43,0.8,0.7983956571660197,0.694773914659619,0.0016043428339803656
Ziegler-Nichols relay,5.44,0.8,0.7993466859713557,0.8507022414595032,0.0006533140286443251
Ziegler-Nichols relay,5.45,0.8,0.7981867212340047,0.7355486254170467,0.001813278765995352
Ziegler-Nichols relay,5.46,0.8,0.7986747328041036,0.8250273575894457,0.001325267195896429
Ziegler-Nichols relay,5.47,0.8,0.7993914320595445,0.8380931918533537,0.0006085679404554956
Ziegler-Nichols relay,5.48,0.8,0.7995545922219185,0.8083652409901123,0.0004454077780815524
Ziegler-Nichols relay,5.49,0.8,0.7986468990135543,0.749631465761889,0.0013531009864456989
Ziegler-Nichols relay,5.5,0.8,0.799852366517478,0.8649476117293597,0.0001476334825220027
Ziegler-Nichols relay,5.51,0.8,0.8000643120559328,0.8115093711324867,-6.431205593271372e-05
Ziegler-Nichols relay,5.5200000000000005,0.8,0.8003143367006091,0.8138156675131347,-0.0003143367006090969
Ziegler-Nichols relay,5.53,0.8,0.8016900973400478,0.8759811718697336,-0.0016900973400477692
Ziegler-Nichols relay,5.54,0.8,0.7995759860252245,0.6854139750247645,0.0004240139747755389
Ziegler-Nichols relay,5.55,0.8,0.7991177628195052,0.7743737097106644,0.0008822371804948492
Ziegler-Nichols relay,5.5600000000000005,0.8,0.7994389442098351,0.8167827392876464,0.000561055790164966
Ziegler-Nichols relay,5.57,0.8,0.7984571098872935,0.745438056470044,0.0015428901127065853
Ziegler-Nichols relay,5.58,0.8,0.7999546584311176,0.8808222797976195,4.5341568882473204e-05
Ziegler-Nichols relay,5.59,0.8,0.7999340503891864,0.7988212161249054,6.594961081363149e-05
Ziegler-Nichols relay,5.6000000000000005,0.8,0.7981806878764353,0.7034991121878728,0.0018193121235647869
Ziegler-Nichols relay,5.61,0.8,0.797902568947318,0.7828841467749865,0.0020974310526820084
Ziegler-Nichols relay,5.62,0.8,0.8008334084922962,0.9590987439211183,-0.0008334084922961837
Ziegler-Nichols relay,5.63,0.8,0.8035761670777413,0.9516851306917722,-0.0035761670777412213
Ziegler-Nichols relay,5.64,0.8,0.8029740772245173,0.7704612251504236,-0.0029740772245172575
Ziegler-Nichols relay,5.65,0.8,0.8006902304255977,0.6773625032839398,-0.0006902304255976821
Ziegler-Nichols relay,5.66,0.8,0.8009487945391535,0.8149112566711607,-0.0009487945391534192
Ziegler-Nichols relay,5.67,0.8,0.8008675029946043,0.796477759588948,-0.0008675029946042523
Ziegler-Nichols relay,5.68,0.8,0.800036123674525,0.7551416403902462,-3.6123674524990435e-05
Ziegler-Nichols relay,5.69,0.8,0.8010288434604829,0.8546357119022084,-0.00102884346048282
Ziegler-Nichols relay,5.7,0.8,0.8005264976023556,0.7733998212634869,-0.000526497602355569
Ziegler-Nichols relay,5.71,0.8,0.7996894934634536,0.7544912699627456,0.0003105065365464066
Ziegler-Nichols relay,5.72,0.8,0.7995247630107557,0.7906293185650641,0.0004752369892443431
Ziegler-Nichols relay,5.73,0.8,0.799478800294708,0.7969968136281295,0.0005211997052920747
Ziegler-Nichols relay,5.74,0.8,0.8004037411447316,0.8503505470460025,-0.00040374114473151756
Ziegler-Nichols relay,5.75,0.8,0.7998290930627737,0.7687980966370499,0.00017090693722632277
Ziegler-Nichols relay,5.76,0.8,0.800419792812991,0.8323175793247259,-0.00041979281299098226
Ziegler-Nichols relay,5.7700000000000005,0.8,0.7990599028820736,0.725625846612536,0.0009400971179264195
Ziegler-Nichols relay,5.78,0.8,0.7970397027192812,0.6879488939284879,0.002960297280718893
Ziegler-Nichols relay,5.79,0.8,0.7990643509765352,0.9083953568682489,0.0009356490234648795
Ziegler-Nichols relay,5.8,0.8,0.8015558242966179,0.9360953835810821,-0.0015558242966178248
Ziegler-Nichols relay,5.8100000000000005,0.8,0.8012739279910727,0.7860515274916295,-0.0012739279910726209
Ziegler-Nichols relay,5.82,0.8,0.8003754320512577,0.7518566513012483,-0.00037543205125767365
Ziegler-Nichols relay,5.83,0.8,0.799232274200644,0.7375017502675061,0.0007677257993560227
Ziegler-Nichols relay,5.84,0.8,0.798547802275263,0.7615863183046894,0.0014521977247370366
Ziegler-Nichols relay,5.8500000000000005,0.8,0.7999445815114173,0.8753706602637501,5.5418488582703596e-05
Ziegler-Nichols relay,5.86,0.8,0.8007243400158439,0.8428312992548793,-0.0007243400158438718
Ziegler-Nichols relay,5.87,0.8,0.799166838672068,0.7150617661081673,0.0008331613279320971
Ziegler-Nichols relay,5.88,0.8,0.8005880984288641,0.8773361252958587,-0.0005880984288640922
Ziegler-Nichols relay,5.89,0.8,0.7992605519662141,0.7275730429831165,0.0007394480337858944
Ziegler-Nichols relay,5.9,0.8,0.7997936684558723,0.828581958897412,0.0002063315441277469
Ziegler-Nichols relay,5.91,0.8,0.7991139679691507,0.7624101416861865,0.0008860320308493597
Ziegler-Nichols relay,5.92,0.8,0.7987744315253087,0.7804394635578433,0.001225568474691352
Ziegler-Nichols relay,5.93,0.8,0.7984863945369944,0.7829323971680222,0.0015136054630056073
Ziegler-Nichols relay,5.94,0.8,0.7982468897039279,0.7853136287183312,0.001753110296072169
Ziegler-Nichols relay,5.95,0.8,0.7998400915232711,0.885872989767801,0.000159908476728976
Ziegler-Nichols relay,5.96,0.8,0.7994715389272516,0.7795696987422003,0.0005284610727483985
Ziegler-Nichols relay,5.97,0.8,0.7995437403934406,0.8034426195676427,0.0004562596065594837
Ziegler-Nichols relay,5.98,0.8,0.7992969009276993,0.7859675697776708,0.0007030990723007058
Ziegler-Nichols relay,5.99,0.8,0.7982513212446953,0.7417900183624816,0.0017486787553047112
Ziegler-Nichols relay,6.0,0.8,0.7991064872921102,0.8452854538525154,0.000893512707889843
Ziegler-Nichols relay,6.01,0.8,0.7999998108240012,0.8482392815461155,1.891759988659203e-07
Ziegler-Nichols relay,6.0200000000000005,0.8,0.8005275667323865,0.8290263857851902,-0.0005275667323864086
Ziegler-Nichols relay,6.03,0.8,0.8004452381842714,0.79599949658606,-0.0004452381842713349
Ziegler-Nichols relay,6.04,0.8,0.7993905704848152,0.7424385147141794,0.0006094295151848339
Ziegler-Nichols relay,6.05,0.8,0.8003344784753336,0.8513055099633241,-0.0003344784753335217
Ziegler-Nichols relay,6.0600000000000005,0.8,0.7989507001052867,0.724226668122756,0.0010492998947133625
Ziegler-Nichols relay,6.07,0.8,0.7990163016393398,0.8025587844782056,0.0009836983606602567
Ziegler-Nichols relay,6.08,0.8,0.7995402107687476,0.8278313037567677,0.00045978923125244986
Ziegler-Nichols relay,6.09,0.8,0.8009091332250688,0.8748309458664156,-0.0009091332250688033
Ziegler-Nichols relay,6.1000000000000005,0.8,0.8001663984835019,0.7600587224388865,-0.0001663984835018617
Ziegler-Nichols relay,6.11,0.8,0.7993375105170303,0.7545775603275642,0.0006624894829697636
Ziegler-Nichols relay,6.12,0.8,0.8012697544648169,0.9056109276452894,-0.001269754464816808
Ziegler-Nichols relay,6.13,0.8,0.7994955830178533,0.7036903248818205,0.0005044169821467603
Ziegler-Nichols relay,6.140000000000001,0.8,0.7980641966888582,0.7207693349231235,0.0019358033111418482
Ziegler-Nichols relay,6.15,0.8,0.7985021630149911,0.8221523446261713,0.001497836985008938
Ziegler-Nichols relay,6.16,0.8,0.7985597326875207,0.8016684950041172,0.0014402673124793708
Ziegler-Nichols relay,6.17,0.8,0.7966856158400614,0.6954833060772594,0.003314384159938677
Ziegler-Nichols relay,6.18,0.8,0.7967234357494374,0.7987657108557441,0.0032765642505626635
Ziegler-Nichols relay,6.19,0.8,0.7987485685166767,0.908105737947604,0.0012514314833232953
Ziegler-Nichols relay,6.2,0.8,0.7989972130983891,0.812424020510855,0.0010027869016109303
Ziegler-Nichols relay,6.21,0.8,0.7992729924828844,0.8141650792456283,0.0007270075171156298
Ziegler-Nichols relay,6.22,0.8,0.7994293673075454,0.8078736078392401,0.000570632692454609
Ziegler-Nichols relay,6.23,0.8,0.80169117279231,0.9238286689695919,-0.001691172792309903
Ziegler-Nichols relay,6.24,0.8,0.7999718768600139,0.7071298965160269,2.8123139986124812e-05
Ziegler-Nichols relay,6.25,0.8,0.8004086192198611,0.8239927066516062,-0.00040861921986101724
Ziegler-Nichols relay,6.26,0.8,0.7999020944518876,0.7725497569813212,9.790554811239804e-05
Ziegler-Nichols relay,6.2700000000000005,0.8,0.7999317971116295,0.8015357407376908,6.820288837050548e-05
Ziegler-Nichols relay,6.28,0.8,0.7989802303126,0.7475956231650075,0.0010197696874000295
Ziegler-Nichols relay,6.29,0.8,0.7995806066390758,0.8320009282687678,0.0004193933609242251
Ziegler-Nichols relay,6.3,0.8,0.8004039279339223,0.8448632778556328,-0.000403927933922299
Ziegler-Nichols relay,6.3100000000000005,0.8,0.799590370951209,0.7556582938846902,0.0004096290487910492
Ziegler-Nichols relay,6.32,0.8,0.7982923843618986,0.7282011085391372,0.0017076156381014007
Ziegler-Nichols relay,6.33,0.8,0.799223663726523,0.8495127494162352,0.0007763362734770629
Ziegler-Nichols relay,6.34,0.8,0.7980807216486393,0.7363618494429228,0.0019192783513607425
Ziegler-Nichols relay,6.3500000000000005,0.8,0.7984923976465479,0.8207229015336096,0.0015076023534521532
Ziegler-Nichols relay,6.36,0.8,0.7994710913634946,0.8523205520786186,0.0005289086365054541
Ziegler-Nichols relay,6.37,0.8,0.7980086564541274,0.7190371713483019,0.0019913435458726036
Ziegler-Nichols relay,6.38,0.8,0.7994541625231409,0.87751149024987,0.0005458374768591012
Ziegler-Nichols relay,6.390000000000001,0.8,0.7984710444497239,0.7453826684852034,0.001528955550276101
Ziegler-Nichols relay,6.4,0.8,0.7993853584860671,0.8487583164485974,0.0006146415139329786
Ziegler-Nichols relay,6.41,0.8,0.798972105828241,0.7766564623056331,0.0010278941717590806
Ziegler-Nichols relay,6.42,0.8,0.800384931347004,0.8766775093602054,-0.00038493134700390286
Ziegler-Nichols relay,6.43,0.8,0.8008153743954317,0.8240592990105338,-0.0008153743954316672
Ziegler-Nichols relay,6.44,0.8,0.79924386965517,0.7143826136810378,0.0007561303448300194
Ziegler-Nichols relay,6.45,0.8,0.7992314308801154,0.798559737027165,0.0007685691198846545
Ziegler-Nichols relay,6.46,0.8,0.7993677572227134,0.8067293797230035,0.0006322427772866845
Ziegler-Nichols relay,6.47,0.8,0.7999109854258631,0.8292453083959533,8.901457413690306e-05
Ziegler-Nichols relay,6.48,0.8,0.7993625968032648,0.7697496111829546,0.0006374031967352201
Ziegler-Nichols relay,6.49,0.8,0.8008602275881305,0.8817322899708775,-0.0008602275881304244
Ziegler-Nichols relay,6.5,0.8,0.8014595442755155,0.8338226453943055,-0.001459544275515423
Ziegler-Nichols relay,6.51,0.8,0.8009096200652734,0.7712137127122033,-0.0009096200652733977
Ziegler-Nichols relay,6.5200000000000005,0.8,0.8013045382795212,0.8226301218489003,-0.0013045382795211502
Ziegler-Nichols relay,6.53,0.8,0.8014374719857025,0.808615892119494,-0.001437471985702432
Ziegler-Nichols relay,6.54,0.8,0.8009421868706003,0.7741967906550798,-0.0009421868706002146
Ziegler-Nichols relay,6.55,0.8,0.8007601875511181,0.79093222429908,-0.0007601875511180634
Ziegler-Nichols relay,6.5600000000000005,0.8,0.8007611244855257,0.8008117189435345,-0.0007611244855256771
Ziegler-Nichols relay,6.57,0.8,0.7989347211377524,0.7003089403579978,0.0010652788622476095
Ziegler-Nichols relay,6.58,0.8,0.7985263001748628,0.7764715681788262,0.0014736998251372313
Ziegler-Nichols relay,6.59,0.8,0.7980375671333081,0.7716459828893533,0.0019624328666919544
Ziegler-Nichols relay,6.6000000000000005,0.8,0.798935559033244,0.8474271216297812,0.001064440966756064
Ziegler-Nichols relay,6.61,0.8,0.7998670251907957,0.8501661976985849,0.0001329748092043781
Ziegler-Nichols relay,6.62,0.8,0.8013092279686503,0.879188177972804,-0.001309227968650295
Ziegler-Nichols relay,6.63,0.8,0.8010699475172605,0.7881488031422085,-0.0010699475172604167
Ziegler-Nichols relay,6.640000000000001,0.8,0.8026694808195253,0.8890442791418253,-0.0026694808195252273
Ziegler-Nichols relay,6.65,0.8,0.8021639365747811,0.7748645473585984,-0.002163936574781089
Ziegler-Nichols relay,6.66,0.8,0.8006267670221664,0.7176196111809708,-0.0006267670221663524
Ziegler-Nichols relay,6.67,0.8,0.7989482911079835,0.7083105917421044,0.0010517088920165563
Ziegler-Nichols relay,6.68,0.8,0.7986175658742546,0.7807584032528931,0.0013824341257454575
Ziegler-Nichols relay,6.69,0.8,0.8001666147018986,0.8838152513946773,-0.00016661470189860417
Ziegler-Nichols relay,6.7,0.8,0.7996963862923991,0.7743040521794274,0.00030361370760090267
Ziegler-Nichols relay,6.71,0.8,0.8006732223126979,0.8534223674088274,-0.0006732223126978409
Ziegler-Nichols relay,6.72,0.8,0.7996525340804099,0.7445353695368598,0.0003474659195901175
Ziegler-Nichols relay,6.73,0.8,0.7999852941669942,0.81795433884254,1.4705833005890234e-05
Ziegler-Nichols relay,6.74,0.8,0.799216161513235,0.7576829982102448,0.0007838384867649983
Ziegler-Nichols relay,6.75,0.8,0.7970894434197376,0.6822466663708808,0.0029105565802624023
Ziegler-Nichols relay,6.76,0.8,0.7974381932200634,0.8162706824376509,0.0025618067799366706
Ziegler-Nichols relay,6.7700000000000005,0.8,0.7961810841611513,0.7282971949799003,0.0038189158388487465
Ziegler-Nichols relay,6.78,0.8,0.797488319308938,0.8680790172894214,0.0025116806910620015
Ziegler-Nichols relay,6.79,0.8,0.798648347135972,0.8612898497958082,0.0013516528640280523
Ziegler-Nichols relay,6.8,0.8,0.7976483881767544,0.7436506043790083,0.002351611823245614
Ziegler-Nichols relay,6.8100000000000005,0.8,0.796672492352724,0.7439741178550815,0.0033275076472760734
Ziegler-Nichols relay,6.82,0.8,0.7982913387768639,0.8857090456804155,0.0017086612231361764
Ziegler-Nichols relay,6.83,0.8,0.7985529947976996,0.8126824199228313,0.0014470052023004554
Ziegler-Nichols relay,6.84,0.8,0.8001688752671013,0.887426420614798,-0.0001688752671012983
Ziegler-Nichols relay,6.8500000000000005,0.8,0.7998999115190422,0.785375869123847,0.00010008848095788281
Ziegler-Nichols relay,6.86,0.8,0.7987235055673317,0.7351975841749712,0.001276494432668307
Ziegler-Nichols relay,6.87,0.8,0.7990231561194383,0.8152042859331928,0.0009768438805617397
Ziegler-Nichols relay,6.88,0.8,0.7996654418609362,0.8343488719018255,0.00033455813906380083
Ziegler-Nichols relay,6.890000000000001,0.8,0.8008626378755711,0.8655112226658547,-0.0008626378755710595
Ziegler-Nichols relay,6.9,0.8,0.799848211534883,0.7450691891377245,0.00015178846511709754
Ziegler-Nichols relay,6.91,0.8,0.7988940189801679,0.7473676210255514,0.0011059810198321696
Ziegler-Nichols relay,6.92,0.8,0.7985574668669436,0.7803836527528317,0.0014425331330564228
Ziegler-Nichols relay,6.93,0.8,0.7986884920869259,0.8057638539659716,0.0013115079130741059
Ziegler-Nichols relay,6.94,0.8,0.8002428271746019,0.8841769219091049,-0.00024282717460188952
Ziegler-Nichols relay,6.95,0.8,0.7981721404265955,0.6863550560342466,0.0018278595734045888
Ziegler-Nichols relay,6.96,0.8,0.7987780214892691,0.8314955988736488,0.0012219785107309145
Ziegler-Nichols relay,6.97,0.8,0.7991901619129131,0.8214457447896917,0.0008098380870869004
Ziegler-Nichols relay,6.98,0.8,0.7985657456920072,0.7648472697630886,0.0014342543079928216
Ziegler-Nichols relay,6.99,0.8,0.8010357360018795,0.9344152127349834,-0.0010357360018794504
Ziegler-Nichols relay,7.0,0.8,0.8004099199294483,0.7666158520181627,-0.00040991992944827693
Ziegler-Nichols relay,7.01,0.8,0.8001740895033355,0.7874392464932384,-0.00017408950333541728
Ziegler-Nichols relay,7.0200000000000005,0.8,0.7995749117462967,0.7672193128662002,0.000425088253703354
Ziegler-Nichols relay,7.03,0.8,0.7983000660909456,0.7294584007019852,0.0016999339090544296
Ziegler-Nichols relay,7.04,0.8,0.7984197083529705,0.8048803905023151,0.0015802916470295525
Ziegler-Nichols relay,7.05,0.8,0.8007095773699265,0.9243625042855528,-0.0007095773699264951
Ziegler-Nichols relay,7.0600000000000005,0.8,0.8005592473291082,0.7924414251249206,-0.0005592473291081701
Ziegler-Nichols relay,7.07,0.8,0.799982120351359,0.7688172635529021,1.7879648641083712e-05
Ziegler-Nichols relay,7.08,0.8,0.799737727960439,0.7865405388507614,0.00026227203956108447
Ziegler-Nichols relay,7.09,0.8,0.8010053850964244,0.8694588704396353,-0.0010053850964243383
Ziegler-Nichols relay,7.1000000000000005,0.8,0.8021225669632494,0.8624503877717995,-0.002122566963249306
Ziegler-Nichols relay,7.11,0.8,0.8006527553636623,0.7212829289859647,-0.0006527553636622718
Ziegler-Nichols relay,7.12,0.8,0.8000674873142308,0.7684630126449302,-6.748731423078524e-05
Ziegler-Nichols relay,7.13,0.8,0.8001049183707979,0.8021261954254202,-0.00010491837079784627
Ziegler-Nichols relay,7.140000000000001,0.8,0.8017936004180973,0.8929824309722666,-0.0017936004180972853
Ziegler-Nichols relay,7.15,0.8,0.7993618898516462,0.6680495192632873,0.0006381101483537988
Ziegler-Nichols relay,7.16,0.8,0.8025621127427858,0.9753741488643185,-0.002562112742785727
Ziegler-Nichols relay,7.17,0.8,0.8019237760709148,0.7674535957898805,-0.0019237760709147622
Ziegler-Nichols relay,7.18,0.8,0.7992235548286227,0.6534116077448532,0.0007764451713773157
Ziegler-Nichols relay,7.19,0.8,0.7998934529277023,0.8360679502780021,0.00010654707229773575
Ziegler-Nichols relay,7.2,0.8,0.799867357239678,0.7984581900863645,0.0001326427603220992
Ziegler-Nichols relay,7.21,0.8,0.801216233636257,0.8740555590515285,-0.0012162336362570025
Ziegler-Nichols relay,7.22,0.8,0.7995087685072975,0.7073056515434782,0.0004912314927025818
Ziegler-Nichols relay,7.23,0.8,0.801129571123285,0.8886529123866114,-0.0011295711232849337
Ziegler-Nichols relay,7.24,0.8,0.8005360257623133,0.7684845762698453,-0.0005360257623132636
Ziegler-Nichols relay,7.25,0.8,0.8003294346615822,0.7891735152221054,-0.00032943466158219525
Ziegler-Nichols relay,7.26,0.8,0.8013700677332042,0.8575642536007921,-0.0013700677332041389
Ziegler-Nichols relay,7.2700000000000005,0.8,0.8000798230917684,0.730406612454236,-7.982309176834956e-05
Ziegler-Nichols relay,7.28,0.8,0.8016040889608942,0.8839144458936893,-0.0016040889608941455
Ziegler-Nichols relay,7.29,0.8,0.8017623235760296,0.8103069927933415,-0.0017623235760295675
Ziegler-Nichols relay,7.3,0.8,0.8012455063189461,0.7733373744364365,-0.0012455063189460436
Ziegler-Nichols relay,7.3100000000000005,0.8,0.8013517591632527,0.8070894127558105,-0.001351759163252697
Ziegler-Nichols relay,7.32,0.8,0.8005684573642073,0.7582701602157549,-0.0005684573642072976
Ziegler-Nichols relay,7.33,0.8,0.7996834336390224,0.7518921524790337,0.0003165663609776548
Ziegler-Nichols relay,7.34,0.8,0.8003503593243572,0.836364346332438,-0.00035035932435711903
Ziegler-Nichols relay,7.3500000000000005,0.8,0.8009479958554906,0.8332203685366947,-0.0009479958554905465
Ziegler-Nichols relay,7.36,0.8,0.8012606635849299,0.8181447209746532,-0.001260663584929822
Ziegler-Nichols relay,7.37,0.8,0.8013010895106695,0.8034840895006098,-0.0013010895106694287
Ziegler-Nichols relay,7.38,0.8,0.8001914389562609,0.7402703090181979,-0.0001914389562608365
Ziegler-Nichols relay,7.390000000000001,0.8,0.8005633440982217,0.8206462217641091,-0.0005633440982216742
Ziegler-Nichols relay,7.4,0.8,0.8001507391256008,0.7778700706040672,-0.00015073912560070735
Ziegler-Nichols relay,7.41,0.8,0.8003912954319088,0.8133813359725441,-0.0003912954319087447
Ziegler-Nichols relay,7.42,0.8,0.8012489820853025,0.847564061368563,-0.0012489820853024414
Ziegler-Nichols relay,7.43,0.8,0.8000700761999036,0.7364091583883636,-7.007619990351266e-05
Ziegler-Nichols relay,7.44,0.8,0.8012565381454391,0.8653254832043588,-0.0012565381454390234
Ziegler-Nichols relay,7.45,0.8,0.8009073411739202,0.782050704711897,-0.0009073411739201065
Ziegler-Nichols relay,7.46,0.8,0.7992736720191147,0.7110555376596196,0.000726327980885344
Ziegler-Nichols relay,7.47,0.8,0.8008472606260638,0.885821045401315,-0.0008472606260637727
Ziegler-Nichols relay,7.48,0.8,0.800706749110695,0.7931191272807786,-0.0007067491106949042
Ziegler-Nichols relay,7.49,0.8,0.8021240255803036,0.8786569549391708,-0.002124025580303557
Ziegler-Nichols relay,7.5,0.8,0.8018989262389552,0.7897435618061386,-0.0018989262389551564
Ziegler-Nichols relay,7.51,0.8,0.8027702022024679,0.8498191042321523,-0.0027702022024678197
Ziegler-Nichols relay,7.5200000000000005,0.8,0.8022006942909707,0.771447267070128,-0.002200694290970695
Ziegler-Nichols relay,7.53,0.8,0.8020938111354425,0.7963221207369221,-0.0020938111354424915
Ziegler-Nichols relay,7.54,0.8,0.801408270690562,0.7643890866670119,-0.0014082706905619302
Ziegler-Nichols relay,7.55,0.8,0.7996167633150956,0.7028753650399071,0.0003832366849044755
Ziegler-Nichols relay,7.5600000000000005,0.8,0.7998494514062456,0.8124146083283489,0.0001505485937544071
Ziegler-Nichols relay,7.57,0.8,0.7995715342986599,0.7845640104890325,0.0004284657013401416
Ziegler-Nichols relay,7.58,0.8,0.8000656371510065,0.8267471911777258,-6.563715100649237e-05
Ziegler-Nichols relay,7.59,0.8,0.8005009612521463,0.8240084627136944,-0.0005009612521462703
Ziegler-Nichols relay,7.6000000000000005,0.8,0.8013056673139465,0.8447597946511576,-0.0013056673139464348
Ziegler-Nichols relay,7.61,0.8,0.8027077557402459,0.8784205307604139,-0.002707755740245843
Ziegler-Nichols relay,7.62,0.8,0.8017108695401773,0.7478790147364769,-0.0017108695401772955
Ziegler-Nichols relay,7.63,0.8,0.7996588045695365,0.6888472961549337,0.0003411954304635145
Ziegler-Nichols relay,7.640000000000001,0.8,0.799610334819799,0.7969929683339747,0.00038966518020100427
Ziegler-Nichols relay,7.65,0.8,0.80052862767555,0.8501164418861042,-0.000528627675549953
Ziegler-Nichols relay,7.66,0.8,0.7988926808378889,0.710551551604189,0.0011073191621111533
Ziegler-Nichols relay,7.67,0.8,0.7999654818333626,0.8578967355889447,3.4518166637464986e-05
Ziegler-Nichols relay,7.68,0.8,0.8007172069882982,0.841310365354822,-0.0007172069882981358
Ziegler-Nichols relay,7.69,0.8,0.8017148909225179,0.8555898233703809,-0.0017148909225178643
Ziegler-Nichols relay,7.7,0.8,0.8020536428361914,0.82034624617456,-0.0020536428361913606
Ziegler-Nichols relay,7.71,0.8,0.8015827620571477,0.7761551999887915,-0.0015827620571476908
Ziegler-Nichols relay,7.72,0.8,0.7991543483228554,0.6680200066710692,0.0008456516771446765
Ziegler-Nichols relay,7.73,0.8,0.7999171238443596,0.8411070020055932,8.287615564039896e-05
Ziegler-Nichols relay,7.74,0.8,0.8011183370926587,0.8659838525008072,-0.0011183370926586278
Ziegler-Nichols relay,7.75,0.8,0.8013779479447414,0.8153969339572104,-0.0013779479447413312
Ziegler-Nichols relay,7.76,0.8,0.8011681061358094,0.7898366484534781,-0.0011681061358093103
Ziegler-Nichols relay,7.7700000000000005,0.8,0.8025187702788843,0.8754546340049317,-0.0025187702788842525
Ziegler-Nichols relay,7.78,0.8,0.8015203511647688,0.7476057190025331,-0.001520351164768785
Ziegler-Nichols relay,7.79,0.8,0.8004273657559298,0.7414061536786175,-0.0004273657559297206
Ziegler-Nichols relay,7.8,0.8,0.8001787706742864,0.786754636265545,-0.00017877067428639926
Ziegler-Nichols relay,7.8100000000000005,0.8,0.7997449732675032,0.7763199133012061,0.000255026732496888
Ziegler-Nichols relay,7.82,0.8,0.8013169259031337,0.8862023682271837,-0.0013169259031337033
Ziegler-Nichols relay,7.83,0.8,0.8025983866702753,0.8717972680959157,-0.0025983866702752323
Ziegler-Nichols relay,7.84,0.8,0.800444296660517,0.6841234361335664,-0.0004442966605169296
Ziegler-Nichols relay,7.8500000000000005,0.8,0.7994278119568882,0.7445376379609321,0.0005721880431118764
Ziegler-Nichols relay,7.86,0.8,0.8013941158557354,0.9075745263934846,-0.001394115855735345
Ziegler-Nichols relay,7.87,0.8,0.8007895665116193,0.768143901929345,-0.0007895665116192108
Ziegler-Nichols relay,7.88,0.8,0.8006308660321696,0.792061040141887,-0.0006308660321695525
Ziegler-Nichols relay,7.890000000000001,0.8,0.8000294279134097,0.7675517695003767,-2.9427913409652007e-05
Ziegler-Nichols relay,7.9,0.8,0.8000018428796792,0.7985122510582341,-1.8428796791924995e-06
Ziegler-Nichols relay,7.91,0.8,0.8006572777036095,0.8360507581958456,-0.0006572777036094601
Ziegler-Nichols relay,7.92,0.8,0.8003361232182163,0.7829937810069869,-0.00033612321821629987
Ziegler-Nichols relay,7.930000000000001,0.8,0.8001856248814452,0.7920587146958008,-0.00018562488144513445
Ziegler-Nichols relay,7.94,0.8,0.800289079595463,0.8058756341524238,-0.0002890795954629821
Ziegler-Nichols relay,7.95,0.8,0.8020973247202984,0.8997425614614043,-0.0020973247202983325
Ziegler-Nichols relay,7.96,0.8,0.804255303775315,0.9207861727462121,-0.0042553037753149114
Ziegler-Nichols relay,7.97,0.8,0.8033989091462821,0.7571535991785086,-0.0033989091462820475
Ziegler-Nichols relay,7.98,0.8,0.8038240994296731,0.8267843747327903,-0.0038240994296731
Ziegler-Nichols relay,7.99,0.8,0.8022943093650783,0.7196856458769533,-0.00229430936507824
Ziegler-Nichols relay,8.0,0.8,0.8010240685251109,0.7324310631668698,-0.0010240685251108328
Numerical grid search,0.0,0.0,0.0,0.0,0.0
Numerical grid search,0.01,0.0,0.00039132591902917875,0.021522925546604833,-0.00039132591902917875
Numerical grid search,0.02,0.0,0.0003842109023195573,0.0,-0.0003842109023195573
Numerical grid search,0.03,0.0,0.00048119128384635387,0.005718131886293368,-0.00048119128384635387
Numerical grid search,0.04,0.0,0.0005589845940649654,0.004759823345869987,-0.0005589845940649654
Numerical grid search,0.05,0.0,0.0006001753408244506,0.002824475665836651,-0.0006001753408244506
Numerical grid search,0.06,0.0,0.0009023284120477839,0.017218594258107782,-0.0009023284120477839
Numerical grid search,0.07,0.0,0.0009384080334062191,0.0028867075867617218,-0.0009384080334062191
Numerical grid search,0.08,0.0,0.001065120210771389,0.007907577788490555,-0.001065120210771389
Numerical grid search,0.09,0.0,0.0010457543887573636,0.0,-0.0010457543887573636
Numerical grid search,0.1,0.0,0.0010409781357171876,0.0007830604715476888,-0.0010409781357171876
Numerical grid search,0.11,0.0,0.0011186632012338397,0.005313656739133053,-0.0011186632012338397
Numerical grid search,0.12,0.0,0.0011829289260279882,0.0046532780649120075,-0.0011829289260279882
Numerical grid search,0.13,0.0,0.0013006636269292842,0.007658337475599268,-0.0013006636269292842
Numerical grid search,0.14,0.0,0.0014710214906131767,0.01067034612954337,-0.0014710214906131767
Numerical grid search,0.15,0.0,0.0015401625768580649,0.0052737812340820315,-0.0015401625768580649
Numerical grid search,0.16,0.0,0.001512159620915191,0.0,-0.001512159620915191
Numerical grid search,0.17,0.0,0.0015573194543556893,0.003995950460142598,-0.0015573194543556893
Numerical grid search,0.18,0.0,0.001529004555185586,0.0,-0.001529004555185586
Numerical grid search,0.19,0.0,0.0015717973349624276,0.003882607442911877,-0.0015717973349624276
Numerical grid search,0.2,0.0,0.0015795138513167478,0.001996205734450044,-0.0015795138513167478
Numerical grid search,0.21,0.0,0.0015507954176564433,0.0,-0.0015507954176564433
Numerical grid search,0.22,0.0,0.001522599137335417,0.0,-0.001522599137335417
Numerical grid search,0.23,0.0,0.001617180797046229,0.0067245904214300704,-0.001617180797046229
Numerical grid search,0.24,0.0,0.0016612740882948024,0.004042311815717771,-0.0016612740882948024
Numerical grid search,0.25,0.0,0.0016310691048712605,0.0,-0.0016310691048712605
Numerical grid search,0.26,0.0,0.0016014133029645103,0.0,-0.0016014133029645103
Numerical grid search,0.27,0.0,0.0016704841432158169,0.005400309516786373,-0.0016704841432158169
Numerical grid search,0.28,0.0,0.0017322779592719216,0.005069144026301573,-0.0017322779592719216
Numerical grid search,0.29,0.0,0.0017007819963760684,0.0,-0.0017007819963760684
Numerical grid search,0.3,0.0,0.0018571352950883242,0.010300213425550145,-0.0018571352950883242
Numerical grid search,0.31,0.0,0.0019219736226753954,0.00542324331237724,-0.0019219736226753954
Numerical grid search,0.32,0.0,0.001887028647717661,0.0,-0.001887028647717661
Numerical grid search,0.33,0.0,0.0018527190359409762,0.0,-0.0018527190359409762
Numerical grid search,0.34,0.0,0.0018617852955874043,0.0023513633164945233,-0.0018617852955874043
Numerical grid search,0.35000000000000003,0.0,0.0018279346538494514,0.0,-0.0018279346538494514
Numerical grid search,0.36,0.0,0.002260481806263767,0.025618028036636806,-0.002260481806263767
Numerical grid search,0.37,0.0,0.002219382137058971,0.0,-0.002219382137058971
Numerical grid search,0.38,0.0,0.0023751703912306024,0.01078773611649869,-0.0023751703912306024
Numerical grid search,0.39,0.0,0.00262896838361517,0.016334059972381826,-0.00262896838361517
Numerical grid search,0.4,0.0,0.002593058393924151,0.000653918950609126,-0.002593058393924151
Numerical grid search,0.41000000000000003,0.0,0.002545911877670985,0.0,-0.002545911877670985
Numerical grid search,0.42,0.0,0.002615027657590268,0.006347279773231562,-0.002615027657590268
Numerical grid search,0.43,0.0,0.002772469736905728,0.01127434201994056,-0.002772469736905728
Numerical grid search,0.44,0.0,0.0027645158394713864,0.002335005378016952,-0.0027645158394713864
Numerical grid search,0.45,0.0,0.0027658766467665895,0.002839360240707559,-0.0027658766467665895
Numerical grid search,0.46,0.0,0.0027155879804617424,0.0,-0.0027155879804617424
Numerical grid search,0.47000000000000003,0.0,0.002666213653544256,0.0,-0.002666213653544256
Numerical grid search,0.48,0.0,0.0026412285631961367,0.0012920336843976797,-0.0026412285631961367
Numerical grid search,0.49,0.0,0.0025932062256834795,0.0,-0.0025932062256834795
Numerical grid search,0.5,0.8,0.020727875203398326,1.0,0.7792721247966017
Numerical grid search,0.51,0.8,0.038532822926972896,1.0,0.7614671770730271
Numerical grid search,0.52,0.8,0.05601404432830066,1.0,0.7439859556716993
Numerical grid search,0.53,0.8,0.07317742534051339,1.0,0.7268225746594866
Numerical grid search,0.54,0.8,0.09002874487977677,1.0,0.7099712551202233
Numerical grid search,0.55,0.8,0.10657367679105356,1.0,0.6934263232089465
Numerical grid search,0.56,0.8,0.12281779175848895,1.0,0.6771822082415111
Numerical grid search,0.5700000000000001,0.8,0.13876655918106187,1.0,0.6612334408189382
Numerical grid search,0.58,0.8,0.15442534901413346,1.0,0.6455746509858666
Numerical grid search,0.59,0.8,0.16979943357751284,1.0,0.6302005664224872
Numerical grid search,0.6,0.8,0.18489398933064896,1.0,0.6151060106693511
Numerical grid search,0.61,0.8,0.19971409861554626,1.0,0.6002859013844538
Numerical grid search,0.62,0.8,0.21426475136799086,1.0,0.5857352486320092
Numerical grid search,0.63,0.8,0.22855084679766374,1.0,0.5714491532023362
Numerical grid search,0.64,0.8,0.24257719503770622,1.0,0.5574228049622938
Numerical grid search,0.65,0.8,0.2563485187642934,1.0,0.5436514812357067
Numerical grid search,0.66,0.8,0.2698694547867608,1.0,0.5301305452132392
Numerical grid search,0.67,0.8,0.2831445556088197,1.0,0.5168554443911804
Numerical grid search,0.68,0.8,0.2961782909613866,1.0,0.5038217090386135
Numerical grid search,0.6900000000000001,0.8,0.3089750493075432,1.0,0.49102495069245683
Numerical grid search,0.7000000000000001,0.8,0.32153913932013334,1.0,0.4784608606798667
Numerical grid search,0.71,0.8,0.33387479133249454,1.0,0.4661252086675055
Numerical grid search,0.72,0.8,0.3459861587628128,1.0,0.45401384123718724
Numerical grid search,0.73,0.8,0.35787731951257984,1.0,0.4421226804874202
Numerical grid search,0.74,0.8,0.3695522773396238,1.0,0.43044772266037623
Numerical grid search,0.75,0.8,0.3810149632061761,1.0,0.41898503679382393
Numerical grid search,0.76,0.8,0.39226923660242746,1.0,0.4077307633975726
Numerical grid search,0.77,0.8,0.4033188868460197,1.0,0.39668111315398036
Numerical grid search,0.78,0.8,0.41416763435791026,1.0,0.3858323656420898
Numerical grid search,0.79,0.8,0.42481913191503917,1.0,0.3751808680849609
Numerical grid search,0.8,0.8,0.4352769658802203,1.0,0.36472303411977974
Numerical grid search,0.81,0.8,0.44554465740967086,1.0,0.3544553425903292
Numerical grid search,0.8200000000000001,0.8,0.4556256636385859,1.0,0.3443743363614141
Numerical grid search,0.8300000000000001,0.8,0.4655233788451571,1.0,0.33447662115484295
Numerical grid search,0.84,0.8,0.47524113559342696,1.0,0.3247588644065731
Numerical grid search,0.85,0.8,0.48478220585536463,1.0,0.3152177941446354
Numerical grid search,0.86,0.8,0.49414980211253984,1.0,0.3058501978874602
Numerical grid search,0.87,0.8,0.5033470784377664,1.0,0.29665292156223366
Numerical grid search,0.88,0.8,0.5123771315570798,1.0,0.2876228684429203
Numerical grid search,0.89,0.8,0.5212430018924056,1.0,0.27875699810759447
Numerical grid search,0.9,0.8,0.5299476745852709,1.0,0.2700523254147291
Numerical grid search,0.91,0.8,0.5384940805019024,1.0,0.26150591949809765
Numerical grid search,0.92,0.8,0.5468850972200496,1.0,0.2531149027799504
Numerical grid search,0.93,0.8,0.555123549997867,1.0,0.2448764500021331
Numerical grid search,0.9400000000000001,0.8,0.5632122127251784,1.0,0.23678778727482164
Numerical grid search,0.9500000000000001,0.8,0.5711538088574479,1.0,0.2288461911425521
Numerical grid search,0.96,0.8,0.578951012332767,1.0,0.22104898766723302
Numerical grid search,0.97,0.8,0.5864662829281772,0.9922908950803225,0.2135337170718229
Numerical grid search,0.98,0.8,0.5938803069539474,0.9942376043455413,0.2061196930460526
Numerical grid search,0.99,0.8,0.6012056531655902,0.9967743485942977,0.19879434683440989
Numerical grid search,1.0,0.8,0.6084411546563163,0.9991582351555306,0.19155884534368373
Numerical grid search,1.01,0.8,0.6154207075544641,0.9923165640544438,0.18457929244553595
Numerical grid search,1.02,0.8,0.622314263383642,0.9945662781592515,0.177685736616358
Numerical grid search,1.03,0.8,0.6288898306304967,0.9839704619606524,0.1711101693695033
Numerical grid search,1.04,0.8,0.6355404804644693,0.9946755714989877,0.16445951953553073
Numerical grid search,1.05,0.8,0.6418944533463501,0.9850089889679148,0.15810554665364995
Numerical grid search,1.06,0.8,0.64812663841956,0.9846646323728937,0.15187336158044007
Numerical grid search,1.07,0.8,0.6541075299668891,0.9770756735226659,0.1458924700331109
Numerical grid search,1.08,0.8,0.6599822208597886,0.9772155290763593,0.1400177791402114
Numerical grid search,1.09,0.8,0.6653673037543809,0.9561617800623654,0.13463269624561913
Numerical grid search,1.1,0.8,0.6707618169868906,0.9620655315424134,0.1292381830131094
Numerical grid search,1.11,0.8,0.6760125538305685,0.9595523433891708,0.12398744616943158
Numerical grid search,1.12,0.8,0.6816356948214508,0.9852853083290962,0.11836430517854923
Numerical grid search,1.1300000000000001,0.8,0.686862966977019,0.9691356633777017,0.11313703302298106
Numerical grid search,1.1400000000000001,0.8,0.6919869410773818,0.9686815424969761,0.10801305892261825
Numerical grid search,1.1500000000000001,0.8,0.696804072518573,0.956929170342902,0.10319592748142703
Numerical grid search,1.16,0.8,0.7018944078981055,0.9767725183928635,0.09810559210189451
Numerical grid search,1.17,0.8,0.7063417850511868,0.946500151317577,0.09365821494881321
Numerical grid search,1.18,0.8,0.7106750554967195,0.9446716595554865,0.08932494450328055
Numerical grid search,1.19,0.8,0.7152251522789371,0.9609303785186912,0.08477484772106292
Numerical grid search,1.2,0.8,0.7195967338624525,0.9556621393722843,0.08040326613754756
Numerical grid search,1.21,0.8,0.7238141139928337,0.9515526410334182,0.07618588600716636
Numerical grid search,1.22,0.8,0.7277829615128455,0.9421007275934835,0.07221703848715455
Numerical grid search,1.23,0.8,0.731543556790039,0.93461570175849,0.06845644320996103
Numerical grid search,1.24,0.8,0.7349819651062474,0.9206560141814955,0.06501803489375269
Numerical grid search,1.25,0.8,0.7386352317293758,0.9359116293783145,0.061364768270624204
Numerical grid search,1.26,0.8,0.7420330469970063,0.9255150714490519,0.057966953002993704
Numerical grid search,1.27,0.8,0.745409474383869,0.9277365532744495,0.05459052561613109
Numerical grid search,1.28,0.8,0.7484428169429697,0.9122433151344082,0.05155718305703039
Numerical grid search,1.29,0.8,0.7515207671320585,0.9177300773428569,0.048479232867941535
Numerical grid search,1.3,0.8,0.7544038594246222,0.9100908432230582,0.045596140575377864
Numerical grid search,1.31,0.8,0.7575428120123503,0.9270462517496711,0.04245718798764975
Numerical grid search,1.32,0.8,0.7604490828589696,0.917387708576412,0.03955091714103043
Numerical grid search,1.33,0.8,0.7633462633833251,0.9197940116985234,0.036653736616674926
Numerical grid search,1.34,0.8,0.7658072861155695,0.8987025136567633,0.03419271388443057
Numerical grid search,1.35,0.8,0.7683006359910561,0.9029415292673351,0.03169936400894391
Numerical grid search,1.36,0.8,0.7708431309874525,0.9081378607928552,0.029156869012547548
Numerical grid search,1.37,0.8,0.7733158606172003,0.90684326062358,0.026684139382799787
Numerical grid search,1.3800000000000001,0.8,0.7755628077532378,0.8968979530992659,0.024437192246762218
Numerical grid search,1.3900000000000001,0.8,0.7778972410680571,0.9039566400683007,0.022102758931942912
Numerical grid search,1.4000000000000001,0.8,0.7801790300975096,0.9033956376879382,0.019820969902490493
Numerical grid search,1.41,0.8,0.7821709412239543,0.889734142051969,0.017829058776045792
Numerical grid search,1.42,0.8,0.7837956172854853,0.8715281246081622,0.016204382714514742
Numerical grid search,1.43,0.8,0.7857423771663422,0.8908674107326178,0.014257622833657835
Numerical grid search,1.44,0.8,0.7876573764025969,0.891067335160349,0.012342623597403124
Numerical grid search,1.45,0.8,0.7895862138951243,0.8937434384916032,0.010413786104875755
Numerical grid search,1.46,0.8,0.7914635855527524,0.8928416550646717,0.00853641444724762
Numerical grid search,1.47,0.8,0.7929965780197629,0.8757781712383261,0.007003421980237179
Numerical grid search,1.48,0.8,0.7944148689070866,0.8710025768225672,0.005585131092913476
Numerical grid search,1.49,0.8,0.7958909314619614,0.8755983094252023,0.004109068538038607
Numerical grid search,1.5,0.8,0.7972550105909167,0.870915283554501,0.0027449894090832982
Numerical grid search,1.51,0.8,0.7985882549309014,0.8705834492900687,0.001411745069098691
Numerical grid search,1.52,0.8,0.7998570555996269,0.8683722917108068,0.00014294440037310174
Numerical grid search,1.53,0.8,0.8013086583783637,0.8796952084301517,-0.0013086583783636918
Numerical grid search,1.54,0.8,0.8025430729033343,0.8692014572517417,-0.0025430729033342203
Numerical grid search,1.55,0.8,0.8036371396896381,0.8627167461500458,-0.0036371396896380803
Numerical grid search,1.56,0.8,0.8048069114309903,0.8679745854640071,-0.004806911430990213
Numerical grid search,1.57,0.8,0.8058770117996349,0.8636624317064453,-0.005877011799634846
Numerical grid search,1.58,0.8,0.8069442553305178,0.8645754059981959,-0.00694425533051779
Numerical grid search,1.59,0.8,0.8078888565168111,0.8588973205766451,-0.007888856516811038
Numerical grid search,1.6,0.8,0.8086116015626205,0.84763983403633,-0.008611601562620419
Numerical grid search,1.61,0.8,0.8094728004408317,0.855977539864236,-0.009472800440831652
Numerical grid search,1.62,0.8,0.8102507889183544,0.8522621667045815,-0.010250788918354403
Numerical grid search,1.6300000000000001,0.8,0.8108436637992126,0.8428589073655509,-0.010843663799212533
Numerical grid search,1.6400000000000001,0.8,0.8114205892291193,0.8425745624440812,-0.01142058922911926
Numerical grid search,1.6500000000000001,0.8,0.8118051738301181,0.8325727422840489,-0.011805173830118032
Numerical grid search,1.6600000000000001,0.8,0.8127048599408797,0.8612879099220087,-0.012704859940879665
Numerical grid search,1.67,0.8,0.813132130269927,0.8362047280384817,-0.01313213026992699
Numerical grid search,1.68,0.8,0.813719159907538,0.8454187603385276,-0.013719159907537914
Numerical grid search,1.69,0.8,0.814179340847428,0.8390291116014913,-0.014179340847428001
Numerical grid search,1.7,0.8,0.8145029483930555,0.8319777558569397,-0.014502948393055437
Numerical grid search,1.71,0.8,0.8147595139241735,0.828614052604545,-0.014759513924173406
Numerical grid search,1.72,0.8,0.8149929526745991,0.827598645197584,-0.014992952674599103
Numerical grid search,1.73,0.8,0.8153265570688194,0.8333411943567129,-0.015326557068819358
Numerical grid search,1.74,0.8,0.8154190577049536,0.8204140920562005,-0.015419057704953554
Numerical grid search,1.75,0.8,0.8157620783382642,0.8342851925370336,-0.01576207833826415
Numerical grid search,1.76,0.8,0.8160560081876642,0.8319282200552681,-0.016056008187664172
Numerical grid search,1.77,0.8,0.8161861266456959,0.8232125233794093,-0.016186126645695853
Numerical grid search,1.78,0.8,0.8164890623420143,0.8328475899432126,-0.016489062342014305
Numerical grid search,1.79,0.8,0.8163714440956972,0.8100200587945714,-0.01637144409569713
Numerical grid search,1.8,0.8,0.8164016315310654,0.8180317530409468,-0.01640163153106533
Numerical grid search,1.81,0.8,0.8162434575794815,0.8077020641939527,-0.016243457579481424
Numerical grid search,1.82,0.8,0.8163892682090141,0.8242630422037764,-0.016389268209014096
Numerical grid search,1.83,0.8,0.8165659803423497,0.8261084355424706,-0.016565980342349684
Numerical grid search,1.84,0.8,0.8166416872468113,0.8207298600877377,-0.016641687246811254
Numerical grid search,1.85,0.8,0.8166160791597807,0.8152332424601324,-0.016616079159780694
Numerical grid search,1.86,0.8,0.8167662440762711,0.8248751495667506,-0.01676624407627103
Numerical grid search,1.87,0.8,0.8167566989307893,0.8162412610747747,-0.016756698930789238
Numerical grid search,1.8800000000000001,0.8,0.816788989375316,0.8185326733797572,-0.01678898937531592
Numerical grid search,1.8900000000000001,0.8,0.8165677501472338,0.8046208318307994,-0.016567750147233773
Numerical grid search,1.9000000000000001,0.8,0.8166666682912149,0.8220082480661957,-0.01666666829121488
Numerical grid search,1.9100000000000001,0.8,0.8165007809912196,0.8075428667914742,-0.016500780991219544
Numerical grid search,1.92,0.8,0.8165694469736778,0.8202774100264232,-0.016569446973677793
Numerical grid search,1.93,0.8,0.8166693515646288,0.8220641994759804,-0.016669351564628787
Numerical grid search,1.94,0.8,0.8167178523135668,0.8193368927562137,-0.016717852313566706
Numerical grid search,1.95,0.8,0.816822413653704,0.8224687260211142,-0.01682241365370396
Numerical grid search,1.96,0.8,0.8167182302381352,0.811092325797416,-0.016718230238135123
Numerical grid search,1.97,0.8,0.816474937612577,0.8033371358324345,-0.0164749376125769
Numerical grid search,1.98,0.8,0.8163501568147336,0.8096119937311895,-0.016350156814733507
Numerical grid search,1.99,0.8,0.8161492690283254,0.8053013285622862,-0.016149269028325364
Numerical grid search,2.0,0.8,0.8157942879696174,0.7966253107993855,-0.01579428796961735
Numerical grid search,2.0100000000000002,0.8,0.8156330022930823,0.8069235757601908,-0.015633002293082288
Numerical grid search,2.02,0.8,0.8154752679488901,0.8069576133625086,-0.015475267948890092
Numerical grid search,2.0300000000000002,0.8,0.8153788913655995,0.8101745558679039,-0.015378891365599445
Numerical grid search,2.04,0.8,0.8154686825558312,0.8203174068283408,-0.015468682555831115
Numerical grid search,2.05,0.8,0.8152033916466668,0.8008776825517891,-0.01520339164666673
Numerical grid search,2.06,0.8,0.815299819233747,0.8205069089360765,-0.015299819233746903
Numerical grid search,2.07,0.8,0.8150356646555527,0.8007713174330601,-0.015035664655552616
Numerical grid search,2.08,0.8,0.8148648144848546,0.8056389052671611,-0.01486481448485455
Numerical grid search,2.09,0.8,0.8145230028801306,0.7960651762250325,-0.014523002880130531
Numerical grid search,2.1,0.8,0.8143532128248498,0.8051845498396905,-0.014353212824849804
Numerical grid search,2.11,0.8,0.8142889510249798,0.8108188138319936,-0.014288951024979735
Numerical grid search,2.12,0.8,0.8140469948815514,0.8009813631364208,-0.014046994881551367
Numerical grid search,2.13,0.8,0.8139359930850208,0.8079418960723722,-0.013935993085020804
Numerical grid search,2.14,0.8,0.813765256217597,0.804545465376706,-0.013765256217596944
Numerical grid search,2.15,0.8,0.8135588065671358,0.8024105254422316,-0.013558806567135706
Numerical grid search,2.16,0.8,0.8133755814947249,0.8034814275845393,-0.013375581494724842
Numerical grid search,2.17,0.8,0.8131976632388539,0.8035900774218184,-0.013197663238853852
Numerical grid search,2.18,0.8,0.8131109270521831,0.8084271729719648,-0.013110927052183086
Numerical grid search,2.19,0.8,0.8129268331093945,0.802985760198808,-0.012926833109394464
Numerical grid search,2.2,0.8,0.813024345829245,0.8182900327011728,-0.013024345829244943
Numerical grid search,2.21,0.8,0.8128271515052715,0.802178658010704,-0.012827151505271472
Numerical grid search,2.22,0.8,0.8127799769534987,0.8102325511577653,-0.01277997695349864
Numerical grid search,2.23,0.8,0.8123918556124303,0.791433303194741,-0.01239185561243028
Numerical grid search,2.24,0.8,0.8119842707959353,0.7899746907052052,-0.011984270795935226
Numerical grid search,2.25,0.8,0.8120480996022925,0.8154948551455837,-0.012048099602292472
Numerical grid search,2.2600000000000002,0.8,0.8118021012400224,0.7985181896774353,-0.011802101240022345
Numerical grid search,2.27,0.8,0.8115960438346899,0.8004689439467307,-0.011596043834689818
Numerical grid search,2.2800000000000002,0.8,0.8115238480547933,0.8076252759403746,-0.011523848054793229
Numerical grid search,2.29,0.8,0.8112199315565883,0.7948084406535244,-0.011219931556588292
Numerical grid search,2.3000000000000003,0.8,0.8110624911117088,0.8025607070882166,-0.011062491111708761
Numerical grid search,2.31,0.8,0.8110946664912101,0.8128321369842795,-0.011094666491210048
Numerical grid search,2.32,0.8,0.8109050634829634,0.8006665010376431,-0.010905063482963384
Numerical grid search,2.33,0.8,0.8106986793466495,0.7995539359856983,-0.010698679346649476
Numerical grid search,2.34,0.8,0.8104561363623954,0.7973588152126778,-0.010456136362395396
Numerical grid search,2.35,0.8,0.8104098269025385,0.8079091160702612,-0.010409826902538444
Numerical grid search,2.36,0.8,0.8100933118893123,0.7930015011750984,-0.010093311889312284
Numerical grid search,2.37,0.8,0.8097625658693659,0.7919022807922589,-0.009762565869365858
Numerical grid search,2.38,0.8,0.8097090785021547,0.8068207606727488,-0.009709078502154633
Numerical grid search,2.39,0.8,0.8095837672963342,0.8028169621820285,-0.009583767296334145
Numerical grid search,2.4,0.8,0.8093746334116474,0.7980814036385632,-0.009374633411647348
Numerical grid search,2.41,0.8,0.8092380033875196,0.8018599820846211,-0.009238003387519567
Numerical grid search,2.42,0.8,0.8087661667859839,0.7832869903030532,-0.008766166785983853
Numerical grid search,2.43,0.8,0.8085242921816219,0.7954630635460769,-0.008524292181621873
Numerical grid search,2.44,0.8,0.8084625943386752,0.8051309108195505,-0.008462594338675133
Numerical grid search,2.45,0.8,0.80836842382638,0.803283216162437,-0.008368423826379923
Numerical grid search,2.46,0.8,0.8081684837793827,0.7973717212415306,-0.008168483779382618
Numerical grid search,2.47,0.8,0.8076286520979925,0.7784777413029268,-0.007628652097992461
Numerical grid search,2.48,0.8,0.8074570537489092,0.7981907428984119,-0.007457053748909148
Numerical grid search,2.49,0.8,0.8072432160892014,0.7956959824649762,-0.00724321608920131
Numerical grid search,2.5,0.8,0.8069761946717358,0.7925570381285966,-0.006976194671735714
Numerical grid search,2.5100000000000002,0.8,0.8067938383622292,0.7969465976488717,-0.006793838362229132
Numerical grid search,2.52,0.8,0.8062766203220778,0.7783468461539039,-0.006276620322077764
Numerical grid search,2.5300000000000002,0.8,0.8061770166566596,0.8007984187240781,-0.006177016656659595
Numerical grid search,2.54,0.8,0.8058934026851423,0.790578248223206,-0.005893402685142268
Numerical grid search,2.5500000000000003,0.8,0.8056994689322738,0.7952270462773767,-0.005699468932273799
Numerical grid search,2.56,0.8,0.8054418401263536,0.7915298846066606,-0.005441840126353514
Numerical grid search,2.57,0.8,0.8054502092824363,0.8059021437109014,-0.005450209282436225
Numerical grid search,2.58,0.8,0.8050302399103357,0.7823518938169093,-0.005030239910335688
Numerical grid search,2.59,0.8,0.8048925084453852,0.7974550093380527,-0.004892508445385135
Numerical grid search,2.6,0.8,0.8047347822666354,0.796217568614149,-0.004734782266635373
Numerical grid search,2.61,0.8,0.8047210590818487,0.8039800071033641,-0.004721059081848611
Numerical grid search,2.62,0.8,0.8046780732986075,0.802356841003589,-0.004678073298607477
Numerical grid search,2.63,0.8,0.804447974814531,0.7920226566743996,-0.004447974814530964
Numerical grid search,2.64,0.8,0.8041607891932321,0.7886527656430874,-0.0041607891932320396
Numerical grid search,2.65,0.8,0.8039129195976508,0.7905279614362571,-0.003912919597650721
Numerical grid search,2.66,0.8,0.8036035634106145,0.7868983293106524,-0.0036035634106144077
Numerical grid search,2.67,0.8,0.8033720654742267,0.79087117690929,-0.0033720654742266376
Numerical grid search,2.68,0.8,0.803245034135705,0.7963853418555373,-0.0032450341357049828
Numerical grid search,2.69,0.8,0.8030034042198868,0.7899553887657021,-0.0030034042198867628
Numerical grid search,2.7,0.8,0.8028020487022038,0.791928850747323,-0.0028020487022037965
Numerical grid search,2.71,0.8,0.8027059718067266,0.7975178194509588,-0.0027059718067266036
Numerical grid search,2.72,0.8,0.802492190470774,0.7909479983293335,-0.0024921904707739806
Numerical grid search,2.73,0.8,0.8022015853160286,0.786508906959774,-0.0022015853160285426
Numerical grid search,2.74,0.8,0.8020698236058252,0.7949546912548414,-0.002069823605825194
Numerical grid search,2.75,0.8,0.8020272767793407,0.7997297481491734,-0.00202727677934067
Numerical grid search,2.7600000000000002,0.8,0.8018301377287839,0.7911846289987153,-0.0018301377287838205
Numerical grid search,2.77,0.8,0.8014654837436372,0.7817741685457171,-0.001465483743637197
Numerical grid search,2.7800000000000002,0.8,0.8014152724999684,0.7987038653418504,-0.001415272499968312
Numerical grid search,2.79,0.8,0.8013498743751328,0.7978183756340134,-0.0013498743751327869
Numerical grid search,2.8000000000000003,0.8,0.8012931482436287,0.7982299371424088,-0.0012931482436286945
Numerical grid search,2.81,0.8,0.8010407877459067,0.7874133208689165,-0.0010407877459066572
Numerical grid search,2.82,0.8,0.8012390139267489,0.8119432276922276,-0.0012390139267488554
Numerical grid search,2.83,0.8,0.801114535247198,0.7943926865514508,-0.0011145352471979564
Numerical grid search,2.84,0.8,0.8008730569430883,0.7878332285211618,-0.0008730569430882573
Numerical grid search,2.85,0.8,0.8009285491708392,0.8039251294693887,-0.0009285491708391769
Numerical grid search,2.86,0.8,0.8006493166859189,0.785570762500223,-0.0006493166859188326
Numerical grid search,2.87,0.8,0.8005146919595472,0.7932449567354736,-0.00051469195954712
Numerical grid search,2.88,0.8,0.8005412516392011,0.801975474340514,-0.0005412516392010458
Numerical grid search,2.89,0.8,0.8004589495433263,0.7960146363660887,-0.00045894954332625915
Numerical grid search,2.9,0.8,0.8006320668536169,0.8099804016093073,-0.0006320668536168306
Numerical grid search,2.91,0.8,0.800662361888337,0.8022982937632207,-0.0006623618883369042
Numerical grid search,2.92,0.8,0.8003451447761399,0.7832154207175014,-0.00034514477613989403
Numerical grid search,2.93,0.8,0.8004301127026913,0.8050183807364655,-0.00043011270269122104
Numerical grid search,2.94,0.8,0.8001163537778262,0.7831733718351099,-0.0001163537778261503
Numerical grid search,2.95,0.8,0.8000891692736897,0.7986212060503177,-8.916927368962657e-05
Numerical grid search,2.96,0.8,0.7999069807807032,0.7900688021594324,9.301921929683044e-05
Numerical grid search,2.97,0.8,0.7998672798832638,0.7977234314215351,0.00013272011673626238
Numerical grid search,2.98,0.8,0.8001617640858356,0.8160639110247137,-0.00016176408583556956
Numerical grid search,2.99,0.8,0.8002094851129214,0.8027864205755584,-0.0002094851129214037
Numerical grid search,3.0,0.8,0.8001463980983267,0.7967396993102102,-0.00014639809832661665
Numerical grid search,3.0100000000000002,0.8,0.8002803080388894,0.8075114448292781,-0.0002803080388893431
Numerical grid search,3.02,0.8,0.8004413584007336,0.809138077940324,-0.00044135840073356025
Numerical grid search,3.0300000000000002,0.8,0.8003511800380935,0.7954815484555277,-0.0003511800380934238
Numerical grid search,3.04,0.8,0.800411005325685,0.8036415708556264,-0.0004110053256849433
Numerical grid search,3.0500000000000003,0.8,0.8006227352492766,0.8120561511232236,-0.0006227352492765847
Numerical grid search,3.06,0.8,0.8006843392837241,0.8040109571438857,-0.0006843392837240225
Numerical grid search,3.0700000000000003,0.8,0.8005207670251607,0.7916878650627407,-0.0005207670251606844
Numerical grid search,3.08,0.8,0.8005546807978079,0.8023860245207542,-0.0005546807978078494
Numerical grid search,3.09,0.8,0.8003837287031542,0.7911523155918565,-0.0003837287031541736
Numerical grid search,3.1,0.8,0.800130113041611,0.7864348673182755,-0.00013011304161092418
Numerical grid search,3.11,0.8,0.8000989063832761,0.7984137468331919,-9.890638327603174e-05
Numerical grid search,3.12,0.8,0.8002379666002365,0.8077472183160985,-0.00023796660023645
Numerical grid search,3.13,0.8,0.8004002972526393,0.809166152482392,-0.00040029725263923677
Numerical grid search,3.14,0.8,0.8003749261522835,0.7990048867330685,-0.00037492615228340576
Numerical grid search,3.15,0.8,0.800218547329532,0.7917740909009529,-0.00021854732953197065
Numerical grid search,3.16,0.8,0.8001544131960701,0.7966911699891226,-0.00015441319607001347
Numerical grid search,3.17,0.8,0.8000514746971787,0.7944927957570501,-5.147469717869946e-05
Numerical grid search,3.18,0.8,0.8000949667129568,0.802443535564968,-9.496671295672332e-05
Numerical grid search,3.19,0.8,0.8000301084683803,0.7965277632612497,-3.0108468380252162e-05
Numerical grid search,3.2,0.8,0.8000791742923798,0.8027287287883584,-7.917429237980222e-05
Numerical grid search,3.21,0.8,0.8001067584228574,0.801596301468644,-0.00010675842285734483
Numerical grid search,3.22,0.8,0.800274992004785,0.8093596054288744,-0.00027499200478497965
Numerical grid search,3.23,0.8,0.8004815408526678,0.8116351786383329,-0.00048154085266771673
Numerical grid search,3.24,0.8,0.8005263634106509,0.802946781541739,-0.0005263634106508208
Numerical grid search,3.25,0.8,0.800661752481068,0.80797276228359,-0.0006617524810679232
Numerical grid search,3.2600000000000002,0.8,0.8007734636942426,0.8068058692056744,-0.0007734636942425821
Numerical grid search,3.27,0.8,0.8006464392753228,0.7937871206536509,-0.0006464392753227077
Numerical grid search,3.2800000000000002,0.8,0.8006349987276078,0.8000172091509972,-0.0006349987276077496
Numerical grid search,3.29,0.8,0.8001845538396024,0.7758605298873118,-0.00018455383960236382
Numerical grid search,3.3000000000000003,0.8,0.8000312645344617,0.7917536420568647,-3.126453446167243e-05
Numerical grid search,3.31,0.8,0.8001078590299717,0.8042439617875093,-0.00010785902997167973
Numerical grid search,3.3200000000000003,0.8,0.7999783036888175,0.7929823152664868,2.1696311182539674e-05
Numerical grid search,3.33,0.8,0.7999126496662942,0.7963673324500313,8.73503337058823e-05
Numerical grid search,3.34,0.8,0.800000195438099,0.8047276671155585,-1.9543809892663688e-07
Numerical grid search,3.35,0.8,0.7998265580989146,0.7904501417829547,0.0001734419010854804
Numerical grid search,3.36,0.8,0.7999294700962455,0.8054867179521141,7.052990375455703e-05
Numerical grid search,3.37,0.8,0.800363132167032,0.8237808839895029,-0.0003631321670319876
Numerical grid search,3.38,0.8,0.8002293452825439,0.7930048535201797,-0.0002293452825438136
Numerical grid search,3.39,0.8,0.8003033844168832,0.8043014976712106,-0.00030338441688315676
Numerical grid search,3.4,0.8,0.8000704828053652,0.7874937957833954,-7.048280536514628e-05
Numerical grid search,3.41,0.8,0.800152490472617,0.8045809045042202,-0.0001524904726170062
Numerical grid search,3.42,0.8,0.8003107304042444,0.8088556867121194,-0.0003107304042443415
Numerical grid search,3.43,0.8,0.8000694476877352,0.7870401809962401,-6.944768773520238e-05
Numerical grid search,3.44,0.8,0.8002142098645408,0.8080313674120434,-0.00021420986454079305
Numerical grid search,3.45,0.8,0.8001707405561869,0.7978233979050724,-0.00017074055618682138
Numerical grid search,3.46,0.8,0.7999469668043403,0.7878631842046268,5.303319565974629e-05
Numerical grid search,3.47,0.8,0.7999215116070428,0.7985469309529798,7.848839295721e-05
Numerical grid search,3.48,0.8,0.7999251820063594,0.8001233835694582,7.481799364061903e-05
Numerical grid search,3.49,0.8,0.7999024796413827,0.7986765519326391,9.752035861732011e-05
Numerical grid search,3.5,0.8,0.7997733226230913,0.7927988436353571,0.0002266773769087349
Numerical grid search,3.5100000000000002,0.8,0.7998860936565014,0.8059757294606489,0.00011390634349861539
Numerical grid search,3.52,0.8,0.7997910771530705,0.7946601859678029,0.00020892284692952678
Numerical grid search,3.5300000000000002,0.8,0.7997028693993201,0.7949396506967996,0.000297130600679929
Numerical grid search,3.54,0.8,0.7993611303271841,0.7809072204318429,0.0006388696728159005
Numerical grid search,3.5500000000000003,0.8,0.7994138791352806,0.8022623147724898,0.0005861208647194305
Numerical grid search,3.56,0.8,0.7995502773907335,0.8069157831851886,0.0004497226092665674
Numerical grid search,3.5700000000000003,0.8,0.7994446560542933,0.7937411038865221,0.0005553439457067766
Numerical grid search,3.58,0.8,0.7995059872897787,0.8028178740059966,0.0004940127102213143
Numerical grid search,3.59,0.8,0.7994668153563296,0.7973515309500748,0.0005331846436704701
Numerical grid search,3.6,0.8,0.7994514341302977,0.7986208479245771,0.000548565869702311
Numerical grid search,3.61,0.8,0.7992860024710806,0.7903526928733542,0.00071399752891943
Numerical grid search,3.62,0.8,0.79938925972999,0.8049651517110944,0.0006107402700100684
Numerical grid search,3.63,0.8,0.7994090075407934,0.8004753893241731,0.0005909924592066851
Numerical grid search,3.64,0.8,0.7997865514111355,0.8201739204096125,0.00021344858886451767
Numerical grid search,3.65,0.8,0.7999161547467049,0.8069147348674498,8.384525329518944e-05
Numerical grid search,3.66,0.8,0.7996907632192259,0.7875196207353675,0.00030923678077410255
Numerical grid search,3.67,0.8,0.7997919913106252,0.8052583082461862,0.00020800868937487227
Numerical grid search,3.68,0.8,0.7998945826560852,0.8054345153109239,0.0001054173439148931
Numerical grid search,3.69,0.8,0.8000706838973256,0.8095801509243123,-7.068389732556302e-05
Numerical grid search,3.7,0.8,0.7999823771886678,0.7952138149211448,1.7622811332218546e-05
Numerical grid search,3.71,0.8,0.7999541031599451,0.7984273056089142,4.589684005495975e-05
Numerical grid search,3.72,0.8,0.800124929075121,0.8093495284946228,-0.00012492907512096085
Numerical grid search,3.73,0.8,0.8000231798238501,0.7945287202552173,-2.3179823850028036e-05
Numerical grid search,3.74,0.8,0.7999824691057043,0.7977840903258329,1.753089429579191e-05
Numerical grid search,3.75,0.8,0.7998706836571541,0.7938342694354467,0.00012931634284596427
Numerical grid search,3.7600000000000002,0.8,0.7999638912766215,0.8049971027278644,3.6108723378558416e-05
Numerical grid search,3.77,0.8,0.7997094973747537,0.7859722266738941,0.000290502625246325
Numerical grid search,3.7800000000000002,0.8,0.7996527610088155,0.7965889972481568,0.0003472389911844953
Numerical grid search,3.79,0.8,0.7996737909598831,0.8008094083175304,0.0003262090401169315
Numerical grid search,3.8000000000000003,0.8,0.7997531045691311,0.8040360394685225,0.00024689543086897636
Numerical grid search,3.81,0.8,0.7997913619528902,0.8018572606758845,0.00020863804710979927
Numerical grid search,3.8200000000000003,0.8,0.7996685681625413,0.7930377034836948,0.00033143183745876215
Numerical grid search,3.83,0.8,0.7997120514248082,0.8020601475872208,0.00028794857519187644
Numerical grid search,3.84,0.8,0.7995589986820925,0.7912941505754436,0.00044100131790758557
Numerical grid search,3.85,0.8,0.7994810867710522,0.79527384357488,0.0005189132289478149
Numerical grid search,3.86,0.8,0.799293317128022,0.7891537564043898,0.0007066828719780593
Numerical grid search,3.87,0.8,0.7991864398055102,0.7934150643898756,0.0008135601944898596
Numerical grid search,3.88,0.8,0.7992092491149873,0.8004409518267516,0.000790750885012792
Numerical grid search,3.89,0.8,0.7995005321974676,0.8152298186514101,0.0004994678025324051
Numerical grid search,3.9,0.8,0.7994659166878193,0.7975966791668108,0.0005340833121807442
Numerical grid search,3.91,0.8,0.7993607243458284,0.7936803378783197,0.000639275654171656
Numerical grid search,3.92,0.8,0.7993486088738789,0.7986943733886068,0.0006513911261211147
Numerical grid search,3.93,0.8,0.7992796711442574,0.7955570337446909,0.0007203288557426912
Numerical grid search,3.94,0.8,0.7993616675196509,0.8037894717908983,0.0006383324803491686
Numerical grid search,3.95,0.8,0.7994292172387797,0.8030769020717364,0.0005707827612203564
Numerical grid search,3.96,0.8,0.7995775236307175,0.8075860687953618,0.00042247636928249843
Numerical grid search,3.97,0.8,0.7993882601817511,0.7891680339375626,0.0006117398182489131
Numerical grid search,3.98,0.8,0.7993774250391519,0.7987923273387926,0.0006225749608481657
Numerical grid search,3.99,0.8,0.7994616183155326,0.8040080552400912,0.0005383816844674039
Numerical grid search,4.0,0.8,0.7996666135759366,0.81073635763775,0.0003333864240634421
Numerical grid search,4.01,0.8,0.7996967749708418,0.8013254902957205,0.00030322502915824945
Numerical grid search,4.0200000000000005,0.8,0.7994943339825167,0.7885625206129583,0.0005056660174833638
Numerical grid search,4.03,0.8,0.7994380811078158,0.796400425873969,0.0005619188921842655
Numerical grid search,4.04,0.8,0.7995554866695415,0.8058953870027294,0.00044451333045858465
Numerical grid search,4.05,0.8,0.799357682605045,0.7886762631222362,0.0006423173949550165
Numerical grid search,4.0600000000000005,0.8,0.7991635226660575,0.7886788859607332,0.0008364773339425424
Numerical grid search,4.07,0.8,0.7990379932082823,0.7922594024884216,0.0009620067917177622
Numerical grid search,4.08,0.8,0.7989427694895027,0.7938006886754079,0.0010572305104973312
Numerical grid search,4.09,0.8,0.7987960869098518,0.7908752276087058,0.0012039130901482231
Numerical grid search,4.1,0.8,0.7987412935522761,0.795782452243183,0.0012587064477239673
Numerical grid search,4.11,0.8,0.7986540626350179,0.7939435931030805,0.0013459373649821194
Numerical grid search,4.12,0.8,0.7987948576691162,0.806397789510422,0.0012051423308838682
Numerical grid search,4.13,0.8,0.7986019995907414,0.7881876633585068,0.0013980004092586373
Numerical grid search,4.14,0.8,0.7985972579655685,0.7983412102062268,0.001402742034431581
Numerical grid search,4.15,0.8,0.7983321471778064,0.7840161646386542,0.0016678528221936162
Numerical grid search,4.16,0.8,0.7986634452460998,0.816553540933943,0.0013365547539002653
Numerical grid search,4.17,0.8,0.7985897899823484,0.7946124057397761,0.0014102100176516252
Numerical grid search,4.18,0.8,0.7984775517878157,0.7924166892830459,0.0015224482121843907
Numerical grid search,4.19,0.8,0.7985602065356131,0.8030235629166753,0.0014397934643869403
Numerical grid search,4.2,0.8,0.7985260878952128,0.7966836813135987,0.0014739121047872006
Numerical grid search,4.21,0.8,0.7984498269855522,0.7943317378638759,0.0015501730144478199
Numerical grid search,4.22,0.8,0.7984000567467797,0.7957124638530656,0.0015999432532203262
Numerical grid search,4.23,0.8,0.7985139513354542,0.8046642591238797,0.0014860486645458248
Numerical grid search,4.24,0.8,0.7985683626179111,0.8015065718705836,0.0014316373820889572
Numerical grid search,4.25,0.8,0.7984532485859464,0.7922370908598502,0.001546751414053693
Numerical grid search,4.26,0.8,0.7983028109297255,0.7901791774937996,0.0016971890702744963
Numerical grid search,4.2700000000000005,0.8,0.798326656384027,0.7996143109163032,0.0016733436159730442
Numerical grid search,4.28,0.8,0.7983536157904787,0.7998094237388723,0.0016463842095213455
Numerical grid search,4.29,0.8,0.7983624666013698,0.7988404103894896,0.0016375333986302643
Numerical grid search,4.3,0.8,0.7982496909460806,0.7921598055604637,0.0017503090539194854
Numerical grid search,4.3100000000000005,0.8,0.7984433954376788,0.8089034379839832,0.0015566045623212066
Numerical grid search,4.32,0.8,0.7986740739532185,0.8111307137923622,0.0013259260467815004
Numerical grid search,4.33,0.8,0.7986896048738061,0.7995282745855372,0.0013103951261939084
Numerical grid search,4.34,0.8,0.7988840481278187,0.8093839838444951,0.0011159518721813866
Numerical grid search,4.3500000000000005,0.8,0.7989997197284355,0.8052459861617458,0.0010002802715645132
Numerical grid search,4.36,0.8,0.7990155092217519,0.7998681418608332,0.0009844907782481371
Numerical grid search,4.37,0.8,0.7989734182833643,0.7967005076104351,0.0010265817166357216
Numerical grid search,4.38,0.8,0.7991581939802682,0.8091360816130783,0.0008418060197318278
Numerical grid search,4.39,0.8,0.799067271184319,0.794157440203062,0.000932728815681072
Numerical grid search,4.4,0.8,0.7993524753193297,0.8147534986099093,0.0006475246806703083
Numerical grid search,4.41,0.8,0.7992954228428801,0.7962145891146043,0.0007045771571199122
Numerical grid search,4.42,0.8,0.7995480740059778,0.8131912368132519,0.00045192599402221756
Numerical grid search,4.43,0.8,0.7997522363586759,0.8107770034043715,0.0002477636413241724
Numerical grid search,4.44,0.8,0.7996738476090225,0.7954408551277429,0.0003261523909775521
Numerical grid search,4.45,0.8,0.799749099647836,0.8038127097437693,0.0002509003521640185
Numerical grid search,4.46,0.8,0.7998794625146719,0.8069190573238086,0.00012053748532814268
Numerical grid search,4.47,0.8,0.7999563304987243,0.8041072016375502,4.3669501275767075e-05
Numerical grid search,4.48,0.8,0.7998992748579662,0.7968182702570309,0.00010072514203385285
Numerical grid search,4.49,0.8,0.7999184277281485,0.8009526827179937,8.157227185157101e-05
Numerical grid search,4.5,0.8,0.7999334114421497,0.8007425319982142,6.658855785035556e-05
Numerical grid search,4.51,0.8,0.7997901903611079,0.792056251984851,0.00020980963889216664
Numerical grid search,4.5200000000000005,0.8,0.799906819473987,0.8062047915694616,9.318052601303695e-05
Numerical grid search,4.53,0.8,0.7999856870159958,0.8042445342844726,1.4312984004227758e-05
Numerical grid search,4.54,0.8,0.8000703118587503,0.804640053367492,-7.031185875028267e-05
Numerical grid search,4.55,0.8,0.7999072135835188,0.7910999067210153,9.278641648124974e-05
Numerical grid search,4.5600000000000005,0.8,0.7997724838764452,0.7924970796944695,0.00022751612355487172
Numerical grid search,4.57,0.8,0.7995968713777011,0.7901137964455183,0.00040312862229896496
Numerical grid search,4.58,0.8,0.7996162631005704,0.8006634161355143,0.00038373689942960976
Numerical grid search,4.59,0.8,0.799653135685233,0.8016442552570108,0.00034686431476704804
Numerical grid search,4.6000000000000005,0.8,0.7995424369768148,0.7935647067222349,0.0004575630231852257
Numerical grid search,4.61,0.8,0.7996149615050675,0.8035312860307114,0.0003850384949325436
Numerical grid search,4.62,0.8,0.7995079848287583,0.7937312443080583,0.0004920151712417553
Numerical grid search,4.63,0.8,0.7994182490639855,0.7945725177662578,0.0005817509360145356
Numerical grid search,4.64,0.8,0.7995369494005654,0.8059467675758779,0.00046305059943463345
Numerical grid search,4.65,0.8,0.7995641208778981,0.8010313806538627,0.00043587912210196755
Numerical grid search,4.66,0.8,0.7995960195896862,0.8013185500262466,0.00040398041031386445
Numerical grid search,4.67,0.8,0.7993578432979063,0.786496323541794,0.0006421567020937768
Numerical grid search,4.68,0.8,0.7989994267162253,0.7796449313054505,0.001000573283774786
Numerical grid search,4.69,0.8,0.7990381671115998,0.8011301484618226,0.0009618328884002381
Numerical grid search,4.7,0.8,0.7990598047725284,0.8002282384626729,0.0009401952274716852
Numerical grid search,4.71,0.8,0.7994151102081274,0.8186016037304735,0.0005848897918726559
Numerical grid search,4.72,0.8,0.799401760761402,0.7986808906382332,0.0005982392385980306
Numerical grid search,4.73,0.8,0.7994204210909535,0.8004280788867301,0.0005795789090465853
Numerical grid search,4.74,0.8,0.799593779113153,0.8089551123119247,0.00040622088684705293
Numerical grid search,4.75,0.8,0.7994938110852358,0.7940955375777049,0.0005061889147642828
Numerical grid search,4.76,0.8,0.7997375095520641,0.8128972267607962,0.0002624904479359147
Numerical grid search,4.7700000000000005,0.8,0.7997804672024127,0.8021001803212356,0.00021953279758735178
Numerical grid search,4.78,0.8,0.7997711120645222,0.7992659346184381,0.00022888793547781727
Numerical grid search,4.79,0.8,0.799963654907544,0.8103609684307186,3.634509245609152e-05
Numerical grid search,4.8,0.8,0.7998464561093865,0.7935177210088881,0.0001535438906135056
Numerical grid search,4.8100000000000005,0.8,0.7997021714131454,0.7919107978161237,0.00029782858685467595
Numerical grid search,4.82,0.8,0.7999154328317466,0.8114315494362115,8.456716825344657e-05
Numerical grid search,4.83,0.8,0.8001280378694726,0.8116087099066797,-0.00012803786947257478
Numerical grid search,4.84,0.8,0.8000444316841283,0.7955296976755352,-4.443168412826548e-05
Numerical grid search,4.8500000000000005,0.8,0.8000540753148754,0.8005748313752169,-5.407531487533479e-05
Numerical grid search,4.86,0.8,0.8002351255312709,0.8100118372166253,-0.00023512553127080782
Numerical grid search,4.87,0.8,0.800279593917139,0.8026808867540182,-0.00027959391713894277
Numerical grid search,4.88,0.8,0.8002957399424472,0.8011676253090885,-0.0002957399424471374
Numerical grid search,4.89,0.8,0.8003165147287472,0.8014383531889516,-0.0003165147287471637
Numerical grid search,4.9,0.8,0.8001955058554486,0.7936610266973247,-0.00019550585544858556
Numerical grid search,4.91,0.8,0.8001408089144998,0.7971871741032639,-0.00014080891449974597
Numerical grid search,4.92,0.8,0.7998853573505391,0.7860909728966657,0.00011464264946092761
Numerical grid search,4.93,0.8,0.7996916070672854,0.7892290917715848,0.00030839293271467394
Numerical grid search,4.94,0.8,0.7996023386171828,0.7947818423116395,0.0003976613828172715
Numerical grid search,4.95,0.8,0.799456619663571,0.791587796168532,0.000543380336429089
Numerical grid search,4.96,0.8,0.7992775468118983,0.7896076128215747,0.0007224531881017127
Numerical grid search,4.97,0.8,0.7991915022078953,0.7945450935917294,0.0008084977921047898
Numerical grid search,4.98,0.8,0.7993880549109527,0.8100019008760554,0.0006119450890473832
Numerical grid search,4.99,0.8,0.7992780744047229,0.7933391270683131,0.000721925595277173
Numerical grid search,5.0,0.8,0.7992845706104521,0.79963536571983,0.0007154293895479391
Numerical grid search,5.01,0.8,0.7990661233532795,0.787269971465962,0.0009338766467205106
Numerical grid search,5.0200000000000005,0.8,0.7990734303392714,0.7994680075828298,0.0009265696607286822
Numerical grid search,5.03,0.8,0.7990178872888581,0.7960185625665421,0.0009821127111419026
Numerical grid search,5.04,0.8,0.7989920436828768,0.7975964889598839,0.0010079563171232486
Numerical grid search,5.05,0.8,0.7987702461936045,0.7867931817728998,0.0012297538063955615
Numerical grid search,5.0600000000000005,0.8,0.7987712470088183,0.7988252910303623,0.0012287529911817474
Numerical grid search,5.07,0.8,0.7988374783706317,0.8024139719085559,0.0011625216293683627
Numerical grid search,5.08,0.8,0.798818662724633,0.7978026178407001,0.001181337275367067
Numerical grid search,5.09,0.8,0.798909289628171,0.8038031424192233,0.0010907103718290623
Numerical grid search,5.1000000000000005,0.8,0.7989110833714899,0.7990079455107084,0.0010889166285101837
Numerical grid search,5.11,0.8,0.7989376933164215,0.8003746303427275,0.00106230668357854
Numerical grid search,5.12,0.8,0.7989234326915348,0.7981533589476498,0.0010765673084652816
Numerical grid search,5.13,0.8,0.7986693463786326,0.7849486854819159,0.001330653621367417
Numerical grid search,5.14,0.8,0.7987585783990935,0.8035771075039779,0.001241421600906567
Numerical grid search,5.15,0.8,0.7987821363037901,0.8000542631574072,0.0012178636962099088
Numerical grid search,5.16,0.8,0.7988398975494821,0.801959004816851,0.001160102450517897
Numerical grid search,5.17,0.8,0.7987700102485676,0.7949960959991825,0.0012299897514324032
Numerical grid search,5.18,0.8,0.7989712039388799,0.8098356632157385,0.001028796061120163
Numerical grid search,5.19,0.8,0.7990980113135389,0.8059456095451233,0.0009019886864611859
Numerical grid search,5.2,0.8,0.7991277281254657,0.8007324359695148,0.0008722718745343139
Numerical grid search,5.21,0.8,0.7990718160216095,0.7960525624133711,0.0009281839783905621
Numerical grid search,5.22,0.8,0.7991030965999721,0.8007922478315558,0.0008969034000279041
Numerical grid search,5.23,0.8,0.7991999475657028,0.804429899715156,0.0008000524342972604
Numerical grid search,5.24,0.8,0.7993485010153661,0.8073703872971875,0.0006514989846339025
Numerical grid search,5.25,0.8,0.7992939919526544,0.7963505025662215,0.0007060080473456631
Numerical grid search,5.26,0.8,0.7991050575665799,0.7889026007185606,0.0008949424334201428
Numerical grid search,5.2700000000000005,0.8,0.7990821881792838,0.7978472412652939,0.0009178118207162633
Numerical grid search,5.28,0.8,0.7990793706330949,0.7989272231388923,0.000920629366905179
Numerical grid search,5.29,0.8,0.7990394680747843,0.7968847299260178,0.0009605319252157241
Numerical grid search,5.3,0.8,0.7992019948750673,0.8079784420903457,0.0007980051249327769
Numerical grid search,5.3100000000000005,0.8,0.7992700116445514,0.8029429171966909,0.0007299883554486852
Numerical grid search,5.32,0.8,0.799330506139494,0.8025972088663972,0.0006694938605060763
Numerical grid search,5.33,0.8,0.7993080319272482,0.7980944244659742,0.0006919680727518474
Numerical grid search,5.34,0.8,0.7993335184439908,0.8007097903480918,0.0006664815560092352
Numerical grid search,5.3500000000000005,0.8,0.799530816425835,0.8101849074454228,0.000469183574165033
Numerical grid search,5.36,0.8,0.7993840765807353,0.7914601249453508,0.0006159234192647522
Numerical grid search,5.37,0.8,0.7991572740869126,0.786909939420489,0.0008427259130874276
Numerical grid search,5.38,0.8,0.799218797361257,0.8025410541758539,0.0007812026387430393
Numerical grid search,5.39,0.8,0.799182999792182,0.7972499310621294,0.0008170002078180527
Numerical grid search,5.4,0.8,0.7991669892058535,0.7983024175441146,0.0008330107941465492
Numerical grid search,5.41,0.8,0.7990760096828002,0.7941631154379222,0.0009239903171998076
Numerical grid search,5.42,0.8,0.7993160080820066,0.8122759216391527,0.0006839919179933984
Numerical grid search,5.43,0.8,0.7991020639551583,0.7875490811053455,0.000897936044841785
Numerical grid search,5.44,0.8,0.7991944627455438,0.8041839974263681,0.0008055372544562012
Numerical grid search,5.45,0.8,0.7990333800967786,0.7903349170634547,0.000966619903221444
Numerical grid search,5.46,0.8,0.7990472521095208,0.7997963407975986,0.0009527478904792774
Numerical grid search,5.47,0.8,0.7991293565527575,0.8035629964875445,0.0008706434472425251
Numerical grid search,5.48,0.8,0.7991738779090155,0.8015780311469447,0.0008261220909845379
Numerical grid search,5.49,0.8,0.7990667399716257,0.7932812913525766,0.0009332600283743497
Numerical grid search,5.5,0.8,0.7992175380995122,0.8073606370053862,0.0007824619004878075
Numerical grid search,5.51,0.8,0.7992947929892039,0.8034665570325552,0.0007052070107961272
Numerical grid search,5.5200000000000005,0.8,0.7993862798177329,0.8043265685582969,0.0006137201822671301
Numerical grid search,5.53,0.8,0.7996555457882333,0.8141959081952503,0.00034445421176676483
Numerical grid search,5.54,0.8,0.7994814314845369,0.7900792590849326,0.0005185685154631692
Numerical grid search,5.55,0.8,0.799415124832328,0.7958345656130515,0.0005848751676720276
Numerical grid search,5.5600000000000005,0.8,0.7994371815637027,0.8006282450579344,0.0005628184362973521
Numerical grid search,5.57,0.8,0.7992864386639787,0.7911463220788831,0.0007135613360212956
Numerical grid search,5.58,0.8,0.7994466122776627,0.8080959874165975,0.0005533877223373729
Numerical grid search,5.59,0.8,0.799475576844331,0.8010396634444187,0.0005244231556690293
Numerical grid search,5.6000000000000005,0.8,0.7992423243471086,0.7866466894970967,0.0007576756528914208
Numerical grid search,5.61,0.8,0.7991214977318363,0.7925968605071265,0.0008785022681637722
Numerical grid search,5.62,0.8,0.7994689680667109,0.8182323661499382,0.0005310319332891833
Numerical grid search,5.63,0.8,0.7999714547742733,0.8271057369826444,2.8545225726706036e-05
Numerical grid search,5.64,0.8,0.8001314924651678,0.8087735277734699,-0.00013149246516774848
Numerical grid search,5.65,0.8,0.7999831823694287,0.791974437199513,1.6817630571375197e-05
Numerical grid search,5.66,0.8,0.8000602253536112,0.804220546499471,-6.022535361116521e-05
Numerical grid search,5.67,0.8,0.8000986550411613,0.8021738581688653,-9.865504116124413e-05
Numerical grid search,5.68,0.8,0.8000160179380877,0.7955536143721162,-1.6017938087697914e-05
Numerical grid search,5.69,0.8,0.8001517794868094,0.8074829031177768,-0.00015177948680933362
Numerical grid search,5.7,0.8,0.8001252511822516,0.7986927227361309,-0.0001252511822515956
Numerical grid search,5.71,0.8,0.8000146653293104,0.7940430292704828,-1.4665329310381559e-05
Numerical grid search,5.72,0.8,0.7999530265242119,0.796624531048888,4.697347578819233e-05
Numerical grid search,5.73,0.8,0.7999025880070156,0.7971789080784198,9.741199298440861e-05
Numerical grid search,5.74,0.8,0.7999980095005761,0.8051507701528426,1.9904994239539064e-06
Numerical grid search,5.75,0.8,0.799929256537392,0.7962165965254494,7.07434626080472e-05
Numerical grid search,5.76,0.8,0.799998517430173,0.8037386056403512,1.4825698270160004e-06
Numerical grid search,5.7700000000000005,0.8,0.7998144207301293,0.7898731989277674,0.00018557926987072815
Numerical grid search,5.78,0.8,0.7994493125575453,0.7797334712380087,0.0005506874424547892
Numerical grid search,5.79,0.8,0.7995718653988573,0.8061897188297038,0.00042813460114277113
Numerical grid search,5.8,0.8,0.7999010026500859,0.8176744142164288,9.899734991414277e-05
Numerical grid search,5.8100000000000005,0.8,0.7999700340230158,0.803697728161231,2.996597698423642e-05
Numerical grid search,5.82,0.8,0.7999210489568369,0.7972758553831761,7.89510431631335e-05
Numerical grid search,5.83,0.8,0.7997748287444079,0.7918789372732401,0.00022517125559218254
Numerical grid search,5.84,0.8,0.7996268059354609,0.7916335742523227,0.0003731940645391729
Numerical grid search,5.8500000000000005,0.8,0.799752245650856,0.806525990282196,0.00024775434914403593
Numerical grid search,5.86,0.8,0.799876852460442,0.806605620178091,0.0001231475395579995
Numerical grid search,5.87,0.8,0.7996995320138092,0.7901242278956361,0.00030046798619087767
Numerical grid search,5.88,0.8,0.7998683988579361,0.8089872084407917,0.0001316011420638974
Numerical grid search,5.89,0.8,0.7997168400527545,0.7915326645729411,0.00028315994724559257
Numerical grid search,5.9,0.8,0.7997593843103245,0.8020567742191044,0.000240615689675594
Numerical grid search,5.91,0.8,0.7996566757967112,0.7941104160615919,0.00034332420328886393
Numerical grid search,5.92,0.8,0.7995644502980965,0.7945842733729034,0.00043554970190351483
Numerical grid search,5.93,0.8,0.799463549966545,0.7940149320627632,0.0005364500334550382
Numerical grid search,5.94,0.8,0.7993580433972337,0.793660688654422,0.0006419566027663359
Numerical grid search,5.95,0.8,0.7995176587496192,0.808136887778439,0.0004823412503808244
Numerical grid search,5.96,0.8,0.7994874190315645,0.7978544742566125,0.0005125809684355387
Numerical grid search,5.97,0.8,0.7994989734982236,0.800122914697816,0.0005010265017764137
Numerical grid search,5.98,0.8,0.7994675425386246,0.7977702707202756,0.000532457461375424
Numerical grid search,5.99,0.8,0.799302166650215,0.7903718686760999,0.0006978333497850153
Numerical grid search,6.0,0.8,0.7993585072842844,0.8024009015240318,0.0006414927157156747
Numerical grid search,6.01,0.8,0.7994781019871179,0.8059362159401258,0.0005218980128821604
Numerical grid search,6.0200000000000005,0.8,0.7995980581218229,0.8060756893958931,0.00040194187817710336
Numerical grid search,6.03,0.8,0.7996552785489179,0.8027451816120458,0.0003447214510821084
Numerical grid search,6.04,0.8,0.7995568205229587,0.7942400871211622,0.0004431794770413111
Numerical grid search,6.05,0.8,0.7996880228674911,0.8067729494722385,0.0003119771325089671
Numerical grid search,6.0600000000000005,0.8,0.7995298272866144,0.7909872659192704,0.0004701727133856748
Numerical grid search,6.07,0.8,0.7995006955776351,0.7979275832927595,0.000499304422364899
Numerical grid search,6.08,0.8,0.7995472202590429,0.8020595530550634,0.00045277974095714324
Numerical grid search,6.09,0.8,0.7997537738407906,0.8109076672551667,0.00024622615920943947
Numerical grid search,6.1000000000000005,0.8,0.799727447732566,0.7983058378884346,0.00027255226743405636
Numerical grid search,6.11,0.8,0.7996365615092847,0.7947287054521008,0.00036343849071529544
Numerical grid search,6.12,0.8,0.7999046082845965,0.8143791341514355,9.539171540351443e-05
Numerical grid search,6.13,0.8,0.7997377915027531,0.7907296852832095,0.0002622084972468963
Numerical grid search,6.140000000000001,0.8,0.7995074462225309,0.7870688010905288,0.0004925537774691513
Numerical grid search,6.15,0.8,0.7994714642549766,0.7975284380070446,0.0005285357450234285
Numerical grid search,6.16,0.8,0.7994138409480415,0.7963021823735446,0.0005861590519585791
Numerical grid search,6.17,0.8,0.7990777058249683,0.7809264091790161,0.000922294175031757
Numerical grid search,6.18,0.8,0.798919338605335,0.7903675087451412,0.0010806613946650057
Numerical grid search,6.19,0.8,0.7990736541885847,0.8074066956840676,0.0009263458114153744
Numerical grid search,6.2,0.8,0.7990973737146698,0.8003782281232689,0.0009026262853302214
Numerical grid search,6.21,0.8,0.7991412582539834,0.8015110233769144,0.0008587417460166336
Numerical grid search,6.22,0.8,0.7991836601668157,0.8014733634597602,0.0008163398331842986
Numerical grid search,6.23,0.8,0.7995474132293723,0.8191900786074281,0.00045258677062776087
Numerical grid search,6.24,0.8,0.799450996643911,0.7942445010290019,0.000549003356089095
Numerical grid search,6.25,0.8,0.7995589555818399,0.8053887382300017,0.0004410444181601747
Numerical grid search,6.26,0.8,0.7995486486095551,0.7989920721061764,0.0004513513904449429
Numerical grid search,6.2700000000000005,0.8,0.799582105607712,0.8013887835081869,0.0004178943922880096
Numerical grid search,6.28,0.8,0.7994684621031044,0.7933317128542949,0.0005315378968956397
Numerical grid search,6.29,0.8,0.799526485901964,0.8026597710403779,0.00047351409803608746
Numerical grid search,6.3,0.8,0.7996561933552195,0.8066603958310206,0.0003438066447805088
Numerical grid search,6.3100000000000005,0.8,0.7995905114940394,0.7960436909903115,0.00040948850596067565
Numerical grid search,6.32,0.8,0.799399007606033,0.7890577976536873,0.0006009923939670481
Numerical grid search,6.33,0.8,0.7994616485169095,0.8028442577042376,0.00053835148309056
Numerical grid search,6.34,0.8,0.799277465175803,0.7893315647560547,0.0007225348241970408
Numerical grid search,6.3500000000000005,0.8,0.7992576099993137,0.7981854304688908,0.0007423900006863215
Numerical grid search,6.36,0.8,0.7993538035911287,0.8045482575491362,0.0006461964088713135
Numerical grid search,6.37,0.8,0.7991490933315376,0.7880947393136188,0.0008509066684624367
Numerical grid search,6.38,0.8,0.7992888830595424,0.8068375283717978,0.0007111169404576678
Numerical grid search,6.390000000000001,0.8,0.7991598085015554,0.7921897823702634,0.000840191498444609
Numerical grid search,6.4,0.8,0.7992529926567202,0.8042849370356213,0.0007470073432798152
Numerical grid search,6.41,0.8,0.7992067291413593,0.7967084993118679,0.0007932708586407822
Numerical grid search,6.42,0.8,0.799406338800995,0.8101852604213262,0.0005936611990050578
Numerical grid search,6.43,0.8,0.7995449092243988,0.8070277120882039,0.0004550907756012412
Numerical grid search,6.44,0.8,0.7994043537476239,0.7918143580017801,0.0005956462523761807
Numerical grid search,6.45,0.8,0.7993937466278482,0.7988209621599616,0.0006062533721518104
Numerical grid search,6.46,0.8,0.7994051324566299,0.8000199672108432,0.0005948675433701256
Numerical grid search,6.47,0.8,0.7994858840445223,0.8038464697907101,0.0005141159554777897
Numerical grid search,6.48,0.8,0.7994363418536065,0.7967610635441543,0.0005636581463935864
Numerical grid search,6.49,0.8,0.7996558238719844,0.811507852864393,0.00034417612801562747
Numerical grid search,6.5,0.8,0.7998311799758842,0.8093004095864671,0.00016882002411588992
Numerical grid search,6.51,0.8,0.7998634855345234,0.8016079857010374,0.00013651446547668922
Numerical grid search,6.5200000000000005,0.8,0.79999349843722,0.8070141951828421,6.501562780036885e-06
Numerical grid search,6.53,0.8,0.8001016794943137,0.8059434565773691,-0.00010167949431361123
Numerical grid search,6.54,0.8,0.8001163052741147,0.8009060973833693,-0.00011630527411465863
Numerical grid search,6.55,0.8,0.8001400655580958,0.8014231208930761,-0.00014006555809575882
Numerical grid search,6.5600000000000005,0.8,0.8001755627271258,0.8020924098547443,-0.00017556272712571097
Numerical grid search,6.57,0.8,0.7999356440282327,0.7869800342880104,6.43559717673492e-05
Numerical grid search,6.58,0.8,0.7997948034022123,0.7921894095971138,0.0002051965977877268
Numerical grid search,6.59,0.8,0.7996244599903046,0.7904259157472916,0.0003755400096954187
Numerical grid search,6.6000000000000005,0.8,0.7996399489089854,0.8004763505177434,0.00036005109101466815
Numerical grid search,6.61,0.8,0.7997244685895549,0.8042885313403106,0.00027553141044511786
Numerical grid search,6.62,0.8,0.7999455768997425,0.8118854256498712,5.442310025749464e-05
Numerical grid search,6.63,0.8,0.8000019794921513,0.8030477194822286,-1.9794921513049957e-06
Numerical grid search,6.640000000000001,0.8,0.8003100559653268,0.8169461855168022,-0.00031005596532673874
Numerical grid search,6.65,0.8,0.8003941655635995,0.8049360838703273,-0.0003941655635995023
Numerical grid search,6.66,0.8,0.8002805058574021,0.7941428817227354,-0.0002805058574020247
Numerical grid search,6.67,0.8,0.8000438433780006,0.7872640694903218,-4.384337800056315e-05
Numerical grid search,6.68,0.8,0.7999064550354615,0.7924874845383509,9.354496453850558e-05
Numerical grid search,6.69,0.8,0.800037085209653,0.8070911146159928,-3.708520965295392e-05
Numerical grid search,6.7,0.8,0.7999684041854968,0.7962596288810584,3.159581450329352e-05
Numerical grid search,6.71,0.8,0.8000872290251614,0.8065037703670511,-8.722902516133946e-05
Numerical grid search,6.72,0.8,0.7999694151168408,0.7936074640675332,3.0584883159212595e-05
Numerical grid search,6.73,0.8,0.7999894065766111,0.8010689454042029,1.0593423388938206e-05
Numerical grid search,6.74,0.8,0.7998679385196871,0.7933086634457891,0.0001320614803129727
Numerical grid search,6.75,0.8,0.7994990667126294,0.7795799891315126,0.000500933287370664
Numerical grid search,6.76,0.8,0.7993765745576312,0.7927619981877293,0.000623425442368819
Numerical grid search,6.7700000000000005,0.8,0.7990512044650261,0.7814812194643496,0.0009487955349739563
Numerical grid search,6.78,0.8,0.7990450372766809,0.7987120091060405,0.000954962723319186
Numerical grid search,6.79,0.8,0.7991129841063277,0.8027821129072565,0.0008870158936723493
Numerical grid search,6.8,0.8,0.7989380387873831,0.7894909915643737,0.0010619612126169242
Numerical grid search,6.8100000000000005,0.8,0.7987094957995345,0.7863681744557135,0.0012905042004655032
Numerical grid search,6.82,0.8,0.7988167038940849,0.8046059409998059,0.0011832961059151659
Numerical grid search,6.83,0.8,0.7988305162464037,0.7995763832716174,0.0011694837535963787
Numerical grid search,6.84,0.8,0.7990641792601844,0.8116819820043402,0.0009358207398156848
Numerical grid search,6.8500000000000005,0.8,0.7991145155332717,0.8018326742799913,0.0008854844667283146
Numerical grid search,6.86,0.8,0.7990058523744892,0.7931380418002313,0.000994147625510866
Numerical grid search,6.87,0.8,0.7990409994749729,0.8009389429010899,0.000959000525027176
Numerical grid search,6.88,0.8,0.7991459602399505,0.804813841548745,0.0008540397600494964
Numerical grid search,6.890000000000001,0.8,0.7993711738200389,0.8115327071448103,0.0006288261799611838
Numerical grid search,6.9,0.8,0.7993343732357595,0.7973471416846764,0.0006656267642405345
Numerical grid search,6.91,0.8,0.7992358125566766,0.7939135358862003,0.0007641874433234053
Numerical grid search,6.92,0.8,0.7991682540219235,0.7955200931452541,0.000831745978076559
Numerical grid search,6.93,0.8,0.79915158008525,0.7982511875048824,0.0008484199147500426
Numerical grid search,6.94,0.8,0.7993577615787739,0.8104915622290652,0.0006422384212261267
Numerical grid search,6.95,0.8,0.799118914636582,0.7862211797582174,0.0008810853634180216
Numerical grid search,6.96,0.8,0.7991487177937197,0.8007580882791493,0.0008512822062803904
Numerical grid search,6.97,0.8,0.7991909655563069,0.801472344736014,0.0008090344436931796
Numerical grid search,6.98,0.8,0.7991049218372723,0.79445856100941,0.0008950781627277138
Numerical grid search,6.99,0.8,0.7994417065319234,0.8176280800430791,0.000558293468076676
Numerical grid search,7.0,0.8,0.7994675227949233,0.8008616009969184,0.0005324772050767645
Numerical grid search,7.01,0.8,0.7995034068191015,0.8014411441247248,0.0004965931808985635
Numerical grid search,7.0200000000000005,0.8,0.7994646091717942,0.7973695362172012,0.0005353908282058617
Numerical grid search,7.03,0.8,0.799284654227712,0.7895670872472712,0.0007153457722880452
Numerical grid search,7.04,0.8,0.7992350618472913,0.7965570733045745,0.0007649381527087273
Numerical grid search,7.05,0.8,0.7995215483212987,0.8149918179177003,0.0004784516787013082
Numerical grid search,7.0600000000000005,0.8,0.799585987206807,0.8030656870242517,0.0004140127931930859
Numerical grid search,7.07,0.8,0.7995700612812275,0.7987100612999389,0.00042993871877250456
Numerical grid search,7.08,0.8,0.7995628420480918,0.7991730034587641,0.00043715795190824025
Numerical grid search,7.09,0.8,0.7997634687795897,0.8105973122804787,0.00023653122041034091
Numerical grid search,7.1000000000000005,0.8,0.8000162195525639,0.8136647612931656,-1.6219552563812023e-05
Numerical grid search,7.11,0.8,0.799942631201638,0.7959688602516429,5.7368798362045226e-05
Numerical grid search,7.12,0.8,0.7998999991207529,0.7975978667529573,0.00010000087924710854
Numerical grid search,7.13,0.8,0.79991100045763,0.8005050726489877,8.89995423700718e-05
Numerical grid search,7.140000000000001,0.8,0.8001695340881276,0.814130350135,-0.00016953408812758752
Numerical grid search,7.15,0.8,0.799914438755153,0.786139290774523,8.55612448470433e-05
Numerical grid search,7.16,0.8,0.8003434090774467,0.8235078064813052,-0.0003434090774466769
Numerical grid search,7.17,0.8,0.8003959384634436,0.803232525307274,-0.0003959384634435459
Numerical grid search,7.18,0.8,0.8000901466422113,0.7835773882956698,-9.014664221129731e-05
Numerical grid search,7.19,0.8,0.8001164056525497,0.8015343922108232,-0.00011640565254966706
Numerical grid search,7.2,0.8,0.8000853776278422,0.7984098642936324,-8.537762784210923e-05
Numerical grid search,7.21,0.8,0.8002599699991095,0.8096879580475497,-0.00025996999910948837
Numerical grid search,7.22,0.8,0.8000622471909054,0.7893852155478808,-6.224719090530684e-05
Numerical grid search,7.23,0.8,0.8002533540305207,0.8105731233697503,-0.000253354030520625
Numerical grid search,7.24,0.8,0.8002159886370184,0.7981982573878931,-0.00021598863701832727
Numerical grid search,7.25,0.8,0.8001964420915744,0.7991409286375956,-0.00019644209157432257
Numerical grid search,7.26,0.8,0.8003494976883668,0.8086144999151624,-0.0003494976883667844
Numerical grid search,7.2700000000000005,0.8,0.8002178836208801,0.7931107239765989,-0.00021788362088004387
Numerical grid search,7.28,0.8,0.8004232885521705,0.8115151548418521,-0.00042328855217044214
Numerical grid search,7.29,0.8,0.8005184304082094,0.805656090634311,-0.0005184304082093139
Numerical grid search,7.3,0.8,0.8005164466455493,0.8004093234619095,-0.0005164466455492844
Numerical grid search,7.3100000000000005,0.8,0.8005700542574807,0.8034648653017792,-0.0005700542574806899
Numerical grid search,7.32,0.8,0.8004944326920751,0.7964108681601713,-0.000494432692075053
Numerical grid search,7.33,0.8,0.8003534837545364,0.7927422411274462,-0.0003534837545363656
Numerical grid search,7.34,0.8,0.8003918728196993,0.8024648823384923,-0.0003918728196992127
Numerical grid search,7.3500000000000005,0.8,0.8004654485129117,0.8044385359463844,-0.000465448512911637
Numerical grid search,7.36,0.8,0.8005340049920464,0.8042360548653216,-0.0005340049920463663
Numerical grid search,7.37,0.8,0.8005791507825737,0.8030170234710438,-0.0005791507825736453
Numerical grid search,7.38,0.8,0.8004523472737229,0.7936049577957854,-0.0004523472737228973
Numerical grid search,7.390000000000001,0.8,0.8004769154987025,0.8018035996475968,-0.0004769154987024349
Numerical grid search,7.4,0.8,0.8004099352514236,0.7967930018983593,-0.00040993525142352105
Numerical grid search,7.41,0.8,0.8004164779439353,0.8007697833395712,-0.0004164779439352895
Numerical grid search,7.42,0.8,0.8005323240540595,0.8067880140007655,-0.000532324054059452
Numerical grid search,7.43,0.8,0.800397552009503,0.7931198616034508,-0.0003975520095029772
Numerical grid search,7.44,0.8,0.8005415372559801,0.8083167405657403,-0.0005415372559800513
Numerical grid search,7.45,0.8,0.8005310092902105,0.7999624991386542,-0.000531009290210438
Numerical grid search,7.46,0.8,0.8003050864696146,0.7881052541574386,-0.0003050864696145794
Numerical grid search,7.47,0.8,0.8004581831461037,0.8087254036765174,-0.0004581831461036856
Numerical grid search,7.48,0.8,0.800457576222784,0.8004248023635171,-0.00045757622278397303
Numerical grid search,7.49,0.8,0.8006793251371999,0.8126537665156528,-0.0006793251371998155
Numerical grid search,7.5,0.8,0.8007406907427046,0.8040544334399596,-0.0007406907427045528
Numerical grid search,7.51,0.8,0.8009440848722551,0.8119273678679804,-0.0009440848722550577
Numerical grid search,7.5200000000000005,0.8,0.8009789376597717,0.8028609881856658,-0.0009789376597716393
Numerical grid search,7.53,0.8,0.8010386000810936,0.8042603708324788,-0.001038600081093577
Numerical grid search,7.54,0.8,0.800999443002209,0.7988849607424404,-0.0009994430022089995
Numerical grid search,7.55,0.8,0.8007494067972476,0.7872474517293265,-0.0007494067972475538
Numerical grid search,7.5600000000000005,0.8,0.8006926873154983,0.7976298353010353,-0.0006926873154982083
Numerical grid search,7.57,0.8,0.800582187167444,0.7946151791725167,-0.0005821871674439594
Numerical grid search,7.58,0.8,0.8005765433950823,0.8002717796875489,-0.0005765433950822851
Numerical grid search,7.59,0.8,0.8005990718172181,0.8018156066125487,-0.0005990718172180776
Numerical grid search,7.6000000000000005,0.8,0.8007068384822356,0.8065262383931793,-0.0007068384822355167
Numerical grid search,7.61,0.8,0.8009532634533258,0.8142602118922037,-0.0009532634533258033
Numerical grid search,7.62,0.8,0.8009233566962415,0.7993083918136847,-0.0009233566962414397
Numerical grid search,7.63,0.8,0.8006667500633072,0.7868099918848573,-0.0006667500633071866
Numerical grid search,7.640000000000001,0.8,0.8005820426241517,0.7960078409097517,-0.0005820426241516241
Numerical grid search,7.65,0.8,0.8006456303488793,0.8040793674841689,-0.0006456303488792114
Numerical grid search,7.66,0.8,0.8003904495354555,0.78661068561057,-0.00039044953545541716
Numerical grid search,7.67,0.8,0.8004424116229123,0.8032483643455816,-0.0004424116229122532
Numerical grid search,7.68,0.8,0.8005205503706636,0.8047400427492329,-0.0005205503706635639
Numerical grid search,7.69,0.8,0.8006836884301589,0.809493143642906,-0.0006836884301588686
Numerical grid search,7.7,0.8,0.8008074947430907,0.8074930356414071,-0.0008074947430906088
Numerical grid search,7.71,0.8,0.8008249496786053,0.8017675161963986,-0.0008249496786052468
Numerical grid search,7.72,0.8,0.8005153485452028,0.7837968873414687,-0.0005153485452027429
Numerical grid search,7.73,0.8,0.8005316960563579,0.8014144616587352,-0.0005316960563578332
Numerical grid search,7.74,0.8,0.800667770162733,0.8080157719069901,-0.0006677701627330057
Numerical grid search,7.75,0.8,0.8007394709681864,0.8046113144626689,-0.0007394709681863842
Numerical grid search,7.76,0.8,0.8007541966910884,0.8015493857277936,-0.000754196691088338
Numerical grid search,7.7700000000000005,0.8,0.8009851192620635,0.8134549380947226,-0.0009851192620634608
Numerical grid search,7.78,0.8,0.8009445359685611,0.7987530381194274,-0.0009445359685610333
Numerical grid search,7.79,0.8,0.8008209621226609,0.7941479744440465,-0.0008209621226608066
Numerical grid search,7.8,0.8,0.8007545999820854,0.7971710443910152,-0.0007545999820853799
Numerical grid search,7.8100000000000005,0.8,0.8006485428809225,0.794921459418122,-0.0006485428809224203
Numerical grid search,7.82,0.8,0.8008191692230077,0.8100329916956104,-0.0008191692230076209
Numerical grid search,7.83,0.8,0.8010462881399836,0.8133107096566818,-0.001046288139983531
Numerical grid search,7.84,0.8,0.8008353070709017,0.7894423293404781,-0.0008353070709016253
Numerical grid search,7.8500000000000005,0.8,0.800655593949418,0.7909510853892996,-0.000655593949417943
Numerical grid search,7.86,0.8,0.8008620860316594,0.812012658472695,-0.0008620860316593815
Numerical grid search,7.87,0.8,0.8008109080524872,0.7980472971771859,-0.0008109080524871803
Numerical grid search,7.88,0.8,0.8007868024610154,0.7994851005215398,-0.0007868024610153679
Numerical grid search,7.890000000000001,0.8,0.800687474266792,0.7953237517787268,-0.0006874742667919431
Numerical grid search,7.9,0.8,0.8006386936135216,0.7980045383369173,-0.0006386936135215349
Numerical grid search,7.91,0.8,0.8006940859634579,0.8036852728600202,-0.00069408596345788
Numerical grid search,7.92,0.8,0.8006470551481574,0.798107391121925,-0.0006470551481573272
Numerical grid search,7.930000000000001,0.8,0.8006063476138054,0.7984081407588032,-0.0006063476138054025
Numerical grid search,7.94,0.8,0.8005962307302176,0.80004991901647,-0.0005962307302175285
Numerical grid search,7.95,0.8,0.8008486447164371,0.8144789999722953,-0.0008486447164370858
Numerical grid search,7.96,0.8,0.8012629122329741,0.8236333581259676,-0.0012629122329740339
Numerical grid search,7.97,0.8,0.8013491964753995,0.8060085455663689,-0.001349196475399439
Numerical grid search,7.98,0.8,0.8015565961398329,0.8127561780192385,-0.0015565961398328332
Numerical grid search,7.99,0.8,0.8014856262805703,0.7976532538803914,-0.0014856262805702514
Numerical grid search,8.0,0.8,0.8013481275618719,0.7939231967521606,-0.0013481275618718591
